AAWt,AAMt,Sstruct,SaccW,ShbondsW,SaccM,ShbondsM,yDDG,Result,Positiontype,ProteinPropens,Positionaccept,MOSST,SectorSuperficie,Functionalrelevancefunction
0.15234375,0.109375,0.0625,4.2,0.7421875,13.7,0.765625,-6.5,0.296875,0.46875,1,0.95,-0.9,0.0390625,0.1
0.0703125,0.109375,0.30859375,30.2,0.19140625,12,0.765625,-2.6,0.296875,0.3828125,0.2,0.9,-0.8,0.2265625,0.1
0.09375,0.109375,0.30859375,0,0.7421875,0,0.765625,0.3,0.23828125,0.46875,0,1,-0.9,0.0390625,0.75
0.09375,0.0234375,0.30859375,0,0.7421875,10,0.765625,-3.3,0.296875,0.46875,0,1,-0.5,0.0390625,0.75
0.09375,0.0703125,0.30859375,0,0.7421875,6,0.765625,1.6,0.09375,0.46875,0,1,-1,0.0390625,0.75
0.09375,0.05078125,0.30859375,0,0.7421875,0,0.765625,1.9,0.09375,0.46875,0,1,-1.3,0.0390625,0.75
0.0703125,0.08203125,0.30859375,66.5,0.06640625,53.3,0.765625,0.3,0.23828125,0.3828125,0.7,0.85,-0.3,0.2265625,0.25
0.0703125,0.0703125,0.30859375,66.5,0.06640625,47.9,0.765625,-1.4,0.18359375,0.3828125,0.7,0.85,0,0.2265625,0.25
0.09375,0.02734375,0.30859375,11.1,0.7421875,23.1,0.765625,-0.4,0.23828125,0.3828125,0.5,0.91,0,0.2265625,0.5
0.09375,0.109375,0.30859375,11.1,0.7421875,16.5,0.765625,0.2,0.23828125,0.3828125,0.5,0.91,-0.3,0.2265625,0.5
0.09375,0.0703125,0.30859375,11.1,0.7421875,38.8,0.765625,1.1,0.09375,0.3828125,0.5,0.91,-0.8,0.2265625,0.5
0.09375,0.08203125,0.30859375,11.1,0.7421875,28.8,0.08984375,-0.7,0.08984375,0.3828125,0.5,0.91,-0.7,0.2265625,0.5
0.09375,0.05078125,0.30859375,11.1,0.7421875,11.3,0.765625,1.4,0.09375,0.3828125,0.5,0.91,-0.4,0.2265625,0.5
0.09375,0.0234375,0.30859375,11.1,0.7421875,46.4,0.14453125,-0.4,0.23828125,0.3828125,0.5,0.91,-0.8,0.2265625,0.5
0.0703125,0.03515625,0.30859375,74.6,0.7421875,70.3,0.14453125,1.1,0.09375,0.3828125,0,0.79,-0.3,0.2265625,0.35
0.02734375,0.03515625,0.30859375,45.9,0.19140625,58.7,0.14453125,-0.1,0.23828125,0.03515625,1,0.57,0.4,0.2265625,0.1
0.09375,0.109375,0.33203125,0,0.7421875,0,0.765625,-1.4,0.18359375,0.078125,0.7,0.25,-0.1,0.2265625,0
0.09375,0.08203125,0.33203125,0,0.7421875,0,0.765625,-1.3,0.18359375,0.078125,0.7,0.25,-0.1,0.2265625,0
0.09375,0.05078125,0.33203125,0,0.7421875,0,0.765625,1.9,0.09375,0.078125,0.7,0.25,1.1,0.2265625,0
0.09765625,0.08203125,0.33203125,0.3,0.7421875,0,0.765625,-5.1,0.296875,0.46875,0.3,0.95,-0.9,0.0390625,0.1
0.09765625,0.05078125,0.33203125,0.3,0.7421875,0.4,0.765625,-2.7,0.296875,0.46875,0.3,0.95,0,0.0390625,0.1
0.09765625,0.0625,0.33203125,0.3,0.7421875,18,0.765625,-5.2,0.296875,0.46875,0.3,0.95,-0.7,0.0390625,0.1
0.0546875,0.046875,0.33203125,1.2,0.7421875,3.8,0.765625,-1.7,0.18359375,0.46875,0,1,-0.7,0.2265625,0.1
0.0546875,0.0703125,0.33203125,1.2,0.7421875,0.8,0.765625,-5,0.296875,0.46875,0,1,-0.9,0.2265625,0.1
0.0546875,0.0703125,0.33203125,1.2,0.7421875,3.4,0.765625,-0.6,0.08984375,0.46875,0,1,-0.5,0.2265625,0.1
0.0546875,0.046875,0.33203125,1.2,0.7421875,4.4,0.765625,-0.4,0.23828125,0.46875,0,1,-0.3,0.2265625,0.1
0.01953125,0.0703125,0.33203125,14.1,0.7421875,33,0.765625,-1.7,0.18359375,0.3828125,0.7,0.85,-0.5,0.2265625,0.5
0.0703125,0.0546875,0.33203125,0,0.7421875,0,0.14453125,0.6,0.0546875,0.46875,0,1,-1.1,0.05078125,0.5
0.0703125,0.03515625,0.33203125,0,0.7421875,0,0.765625,-1.3,0.18359375,0.46875,0,1,-1.1,0.05078125,0.5
0.0703125,0.08203125,0.33203125,0,0.7421875,0,0.765625,0,0.23828125,0.46875,0,1,-1.3,0.05078125,0.5
0.0703125,0.046875,0.33203125,0,0.7421875,0,0.765625,2.5,0.04296875,0.46875,0,1,-0.3,0.05078125,0.5
0.0703125,0.02734375,0.33203125,0,0.7421875,0,0.765625,0.7,0.23828125,0.46875,0,1,-0.7,0.05078125,0.5
0.0703125,0.0703125,0.33203125,0,0.7421875,0,0.765625,-0.2,0.23828125,0.46875,0,1,-0.8,0.05078125,0.5
0.0703125,0.046875,0.33203125,0,0.7421875,0,0.765625,3.9,0.04296875,0.46875,0,1,-1.1,0.05078125,0.5
0.0703125,0.03515625,0.33203125,0,0.7421875,0,0.765625,-1.3,0.18359375,0.46875,0,1,-1.1,0.05078125,0.5
0.0703125,0.109375,0.30859375,62,0.06640625,37.2,0.765625,-0.7,0.08984375,0.03515625,0.3,0.67,-0.4,0.05078125,0.35
0.0703125,0.0546875,0.30859375,62,0.06640625,61.8,0.14453125,0.6,0.0546875,0.03515625,0.3,0.67,0.6,0.05078125,0.35
0.09375,0.09765625,0.0625,3.9,0.19140625,1.9,0.765625,-1.9,0.18359375,0.3828125,0.5,0.88,-0.8,0.1796875,0.5
0.09375,0.05078125,0.0625,3.9,0.19140625,3.5,0.765625,-0.9,0.08984375,0.3828125,0.5,0.88,-0.4,0.1796875,0.5
0.09375,0.046875,0.0625,3.9,0.19140625,2.4,0.765625,1.4,0.09375,0.3828125,0.5,0.88,-0.7,0.1796875,0.5
0.09375,0.03515625,0.0625,3.9,0.19140625,2.6,0.765625,-1.8,0.18359375,0.3828125,0.5,0.88,0,0.1796875,0.5
0.09375,0.0625,0.0625,3.9,0.19140625,15.2,0.765625,-2.4,0.296875,0.3828125,0.5,0.88,-0.3,0.1796875,0.5
0.0625,0.02734375,0.0625,61,0.7421875,93.7,0.765625,0.3,0.23828125,0.3828125,0.1,0.76,0.7,0.1796875,0.2
0.0625,0.0703125,0.0625,61,0.7421875,89.4,0.765625,0,0.23828125,0.3828125,0.1,0.76,-0.1,0.1796875,0.2
0.0625,0.0703125,0.0625,61,0.7421875,89.4,0.765625,0,0.23828125,0.3828125,0.1,0.76,-0.1,0.1796875,0.2
0.0703125,0.03515625,0.0625,18.3,0.7421875,27.8,0.08984375,0.9,0.0546875,0.3828125,0.5,0.85,-0.7,0.1796875,0.8
0.0703125,0.109375,0.0625,18.3,0.7421875,12.9,0.765625,-3.5,0.296875,0.3828125,0.5,0.85,-0.8,0.1796875,0.8
0.0703125,0.0625,0.0625,18.3,0.7421875,42.6,0.765625,-2.1,0.296875,0.3828125,0.5,0.85,-0.8,0.1796875,0.8
0.0703125,0.0703125,0.0625,18.3,0.7421875,29.5,0.765625,0.8,0.0546875,0.3828125,0.5,0.85,-0.5,0.1796875,0.8
0.09765625,0.046875,0.30859375,59.5,0.7421875,67.4,0.765625,0,0.23828125,0.078125,0.9,0.56,0.4,0.15234375,0.1
0.09765625,0.0703125,0.30859375,59.5,0.7421875,54.4,0.765625,1,0.0546875,0.078125,0.9,0.56,0.3,0.15234375,0.1
0.09765625,0.08203125,0.33203125,0,0.7421875,0,0.765625,-5.1,0.296875,0.46875,0.3,0.96,-1,0.15234375,0.1
0.09765625,0.0703125,0.33203125,0,0.7421875,0,0.765625,-0.8,0.08984375,0.46875,0.3,0.96,0,0.15234375,0.1
0.15234375,0.109375,0.33203125,15.5,0.7421875,12.6,0.765625,-3.5,0.296875,0.078125,0.3,0.17,-0.1,0.15234375,0.1
0.0625,0.05078125,0.33203125,0.5,0.7421875,0.2,0.765625,1.5,0.09375,0.46875,0,1,-1.3,0.15234375,0
0.0625,0.0703125,0.33203125,0.5,0.7421875,0.7,0.765625,-0.2,0.23828125,0.46875,0,1,-0.8,0.15234375,0
0.0625,0.0546875,0.33203125,0.5,0.7421875,1.5,0.765625,1.4,0.09375,0.46875,0,1,-1.1,0.15234375,0
0.0625,0.09765625,0.33203125,0.5,0.7421875,1.2,0.765625,-0.4,0.23828125,0.46875,0,1,-0.8,0.15234375,0
0.0625,0.0703125,0.33203125,0.5,0.7421875,4,0.765625,3,0.04296875,0.46875,0,1,-1,0.15234375,0
0.03125,0.09765625,0.33203125,17.3,0.19140625,27.7,0.14453125,-2.5,0.296875,0.46875,0,1,-0.8,0.2265625,0.85
0.03125,0.0703125,0.33203125,17.3,0.19140625,0.3,0.765625,-1.1,0.18359375,0.46875,0,1,-0.7,0.2265625,0.85
0.03125,0.0703125,0.33203125,17.3,0.19140625,21,0.765625,-1.5,0.18359375,0.46875,0,1,-1,0.2265625,0.85
0.03125,0.03515625,0.33203125,17.3,0.19140625,16.3,0.14453125,3.4,0.04296875,0.46875,0,1,-1.3,0.2265625,0.85
0.15234375,0.0546875,0.33203125,0.1,0.7421875,0.1,0.765625,-3.2,0.296875,0.3828125,0.5,0.9,-0.8,0.15234375,0.1
0.15234375,0.109375,0.33203125,0.1,0.7421875,4.9,0.765625,-4,0.296875,0.3828125,0.5,0.9,-0.7,0.15234375,0.1
0.15234375,0.09765625,0.33203125,0.1,0.7421875,0.3,0.765625,-3.1,0.296875,0.3828125,0.5,0.9,-0.7,0.15234375,0.1
0.0703125,0.046875,0.30859375,16.3,0.7421875,43.3,0.765625,1.6,0.09375,0.3828125,0.8,0.74,-0.3,0.15234375,0.65
0.0703125,0.046875,0.30859375,16.3,0.7421875,30.7,0.765625,1,0.0546875,0.3828125,0.8,0.74,-0.4,0.15234375,0.65
0.0546875,0.0703125,0.04296875,42.5,0.7421875,55.3,0.765625,0.7,0.0546875,0.3828125,0.5,0.93,-0.6,0.2265625,0.1
0.0390625,0.05078125,0.04296875,83.7,0.7421875,88.2,0.14453125,-0.3,0.23828125,0.078125,0.7,0.47,0.3,0.15234375,0.25
0.0390625,0.046875,0.04296875,83.7,0.7421875,89.9,0.765625,-1,0.08984375,0.078125,0.7,0.47,-0.1,0.15234375,0.25
0.046875,0.0390625,0.30859375,0,0.7421875,5.5,0.765625,-1.5,0.18359375,0.46875,0,1,-0.6,0.15234375,0.15
0.046875,0.08203125,0.30859375,0,0.7421875,3.7,0.765625,-2,0.18359375,0.46875,0,1,-1.3,0.15234375,0.15
0.046875,0.09765625,0.30859375,0,0.7421875,3.2,0.765625,-0.9,0.08984375,0.46875,0,1,-0.8,0.15234375,0.15
0.046875,0.03515625,0.30859375,0,0.7421875,4.9,0.765625,1.6,0.09375,0.46875,0,1,-1.3,0.15234375,0.15
0.046875,0.0703125,0.30859375,0,0.7421875,4.1,0.765625,-2.5,0.296875,0.46875,0,1,-0.8,0.15234375,0.15
0.0625,0.09765625,0.33203125,19.6,0.7421875,26.2,0.765625,3.3,0.04296875,0.3828125,-0.1,0.6,-0.5,0.15234375,0.15
0.04296875,0.0546875,0.33203125,44.8,0.06640625,47.1,0.765625,-1.4,0.18359375,0.078125,0.8,0.28,0.6,0.15234375,0.15
0.04296875,0.109375,0.33203125,44.8,0.06640625,29.5,0.765625,-2.4,0.296875,0.078125,0.8,0.28,-0.1,0.15234375,0.15
0.04296875,0.05078125,0.30859375,46.3,0.7421875,18.1,0.765625,-1.4,0.18359375,0.46875,0,1,-1.3,0.2265625,0.35
0.04296875,0.08203125,0.30859375,46.3,0.7421875,15.3,0.765625,-0.2,0.23828125,0.46875,0,1,-1,0.2265625,0.35
0.04296875,0.03515625,0.30859375,46.3,0.7421875,11.6,0.765625,1.8,0.09375,0.46875,0,1,-1,0.2265625,0.35
0.04296875,0.0546875,0.30859375,46.3,0.7421875,11.8,0.765625,0.1,0.23828125,0.46875,0,1,-1.2,0.2265625,0.35
0.0625,0.0703125,0.30859375,78.1,0.7421875,78.6,0.765625,-1,0.18359375,0.3828125,-0.1,0.21,0,0.2265625,0
0.01953125,0.05078125,0.30859375,41.5,0.7421875,34.9,0.765625,1,0.0546875,0.078125,0.9,0.26,0.5,0.2265625,0
0.15234375,0.109375,0.04296875,0.2,0.7421875,9.3,0.765625,-6.5,0.296875,0.03515625,0.5,0.91,-0.8,0.2265625,0.1
0.15234375,0.0625,0.04296875,0.2,0.7421875,34.1,0.765625,-4.7,0.296875,0.03515625,0.5,0.91,-0.7,0.2265625,0.1
0.15234375,0.09765625,0.04296875,0.2,0.7421875,9,0.765625,-3.6,0.296875,0.03515625,0.5,0.91,-0.6,0.2265625,0.1
0.0625,0.05078125,0.30859375,55.9,0.7421875,66.1,0.765625,-0.9,0.08984375,0.3828125,-0.1,0.2,0.4,0.2265625,0
0.046875,0.05078125,0.04296875,97.4,0.7421875,89.5,0.765625,-1.8,0.18359375,0.03515625,0.3,0.77,0,0.05078125,0
0.01953125,0.109375,0.30859375,50.8,0.7421875,23.9,0.765625,-1.8,0.18359375,0.3828125,1,0.63,-0.3,0.05078125,0.25
0.01953125,0.01171875,0.30859375,50.8,0.7421875,62.7,0.765625,0.3,0.23828125,0.3828125,1,0.63,-0.2,0.05078125,0.25
0.046875,0.05078125,0.33203125,37,0.7421875,48.6,0.765625,1.7,0.09375,0.03515625,0.2,0.89,-0.4,0.2265625,0
0.046875,0.08203125,0.33203125,37,0.7421875,69.9,0.14453125,-0.4,0.23828125,0.03515625,0.2,0.89,-0.2,0.2265625,0
0.0703125,0.109375,0.33203125,40.5,0.7421875,29.7,0.765625,-3.3,0.296875,0.078125,0.3,0.44,-0.3,0.2265625,0.6
0.0703125,0.0625,0.33203125,40.5,0.7421875,73.3,0.765625,-2.7,0.296875,0.078125,0.3,0.44,-0.3,0.2265625,0.6
0.04296875,0.05078125,0.33203125,20.1,0.7421875,24.2,0.765625,-4,0.296875,0.3828125,0.2,0.59,-0.1,0.2265625,0.1
0.04296875,0.0703125,0.33203125,20.1,0.7421875,17.3,0.765625,-3,0.296875,0.3828125,0.2,0.59,-0.3,0.2265625,0.1
0.0390625,0.109375,0.33203125,74,0.19140625,87.1,0.765625,0.2,0.23828125,0.078125,0.9,0.76,-0.3,0.2265625,0.1
0.0390625,0.03515625,0.33203125,74,0.19140625,82.7,0.14453125,0.5,0.23828125,0.078125,0.9,0.76,0.3,0.2265625,0.1
0.0390625,0.046875,0.33203125,74,0.19140625,96.2,0.765625,1.6,0.09375,0.078125,0.9,0.76,-0.3,0.2265625,0.1
0.09375,0.0625,0.33203125,4.9,0.19140625,12.7,0.765625,-1.4,0.18359375,0.3828125,0.7,0.73,0.2,0.2265625,0.75
0.09375,0.05078125,0.33203125,4.9,0.19140625,3.1,0.765625,-1.8,0.18359375,0.3828125,0.7,0.73,0,0.2265625,0.75
0.09375,0.046875,0.33203125,4.9,0.19140625,2.1,0.765625,2.5,0.04296875,0.3828125,0.7,0.73,-0.4,0.2265625,0.75
0.09375,0.09765625,0.33203125,4.9,0.19140625,1.5,0.765625,-0.5,0.08984375,0.3828125,0.7,0.73,-0.6,0.2265625,0.75
0.09375,0.03515625,0.33203125,4.9,0.19140625,3,0.08984375,2.1,0.04296875,0.3828125,0.7,0.73,-0.2,0.2265625,0.75
0.09375,0.0546875,0.33203125,4.9,0.19140625,1.5,0.765625,-0.3,0.23828125,0.3828125,0.7,0.73,-0.3,0.2265625,0.75
0.04296875,0.08203125,0.33203125,45.4,0.7421875,27.8,0.765625,-3,0.296875,0.3828125,0.1,0.57,-0.4,0.2265625,0.1
0.04296875,0.05078125,0.33203125,45.4,0.7421875,36.8,0.765625,-3.6,0.296875,0.3828125,0.1,0.57,-0.3,0.2265625,0.1
0.04296875,0.0546875,0.33203125,45.4,0.7421875,41.5,0.14453125,-1.8,0.18359375,0.3828125,0.1,0.57,-0.2,0.2265625,0.1
0.046875,0.0703125,0.04296875,25.3,0.7421875,32.4,0.765625,-2.5,0.296875,0.46875,0.3,0.97,0,0.078125,0.25
0.046875,0.09765625,0.04296875,25.3,0.7421875,56.7,0.08984375,1.2,0.09375,0.46875,0.3,0.97,-0.7,0.078125,0.25
0.046875,0.03515625,0.04296875,25.3,0.7421875,40.3,0.14453125,0.1,0.23828125,0.46875,0.3,0.97,-1,0.078125,0.25
0.046875,0.05078125,0.04296875,25.3,0.7421875,15.7,0.765625,-1.4,0.18359375,0.46875,0.3,0.97,-0.7,0.078125,0.25
0.0390625,0.05078125,0.30859375,7.3,0.7421875,16.4,0.765625,-3.1,0.296875,0.46875,0,1,-1,0.2265625,0.95
0.0390625,0.08203125,0.30859375,7.3,0.7421875,1.7,0.08984375,-2.3,0.296875,0.46875,0,1,-0.3,0.2265625,0.95
0.0390625,0.046875,0.30859375,7.3,0.7421875,12.6,0.765625,1.4,0.09375,0.46875,0,1,-1,0.2265625,0.95
0.0390625,0.109375,0.30859375,7.3,0.7421875,0.6,0.765625,0,0.23828125,0.46875,0,1,-1.1,0.2265625,0.95
0.0390625,0.03515625,0.30859375,7.3,0.7421875,14.4,0.765625,-2.2,0.296875,0.46875,0,1,-0.9,0.2265625,0.95
0.0390625,0.09765625,0.30859375,7.3,0.7421875,16.2,0.765625,-1.3,0.18359375,0.46875,0,1,-1.1,0.2265625,0.95
0.15234375,0.0390625,0.33203125,13.7,0.7421875,10.8,0.765625,0.2,0.23828125,0.078125,0.1,0.25,0.2,0.078125,0.35
0.03125,0.09765625,0.33203125,3.2,0.19140625,0,0.765625,-2.1,0.296875,0.46875,0.5,0.92,-0.5,0.015625,0.6
0.03125,0.0625,0.33203125,3.2,0.19140625,33.2,0.765625,-5.8,0.296875,0.46875,0.5,0.92,-0.8,0.015625,0.6
0.03125,0.0703125,0.33203125,3.2,0.19140625,0.1,0.765625,-1.9,0.18359375,0.46875,0.5,0.92,-0.6,0.015625,0.6
0.03125,0.03515625,0.33203125,3.2,0.19140625,0.2,0.14453125,1.2,0.09375,0.46875,0.5,0.92,-0.5,0.015625,0.6
0.15234375,0.0546875,0.33203125,0,0.7421875,16.9,0.765625,-3.2,0.296875,0.03515625,0.9,0.47,-0.2,0.078125,0.35
0.15234375,0.109375,0.33203125,0,0.7421875,4.9,0.765625,-4,0.296875,0.03515625,0.9,0.47,-0.3,0.078125,0.35
0.15234375,0.0390625,0.33203125,0,0.7421875,0.9,0.765625,-0.4,0.23828125,0.03515625,0.9,0.47,0.6,0.078125,0.35
0.15234375,0.09765625,0.33203125,0,0.7421875,9.3,0.14453125,-3,0.296875,0.03515625,0.9,0.47,-0.4,0.078125,0.35
0.0546875,0.0703125,0.33203125,0,0.7421875,0,0.765625,-0.6,0.08984375,0.46875,0,1,-0.5,0.078125,0.25
0.0546875,0.0703125,0.33203125,0,0.7421875,2.3,0.765625,-5,0.296875,0.46875,0,1,-0.9,0.078125,0.25
0.0390625,0.046875,0.33203125,12.1,0.06640625,28.6,0.765625,1.5,0.09375,0.46875,0.3,0.97,-0.7,0.1796875,0.6
0.0390625,0.0625,0.33203125,12.1,0.06640625,10.6,0.765625,0.4,0.23828125,0.46875,0.3,0.97,-0.9,0.1796875,0.6
0.0390625,0.015625,0.33203125,12.1,0.06640625,9.4,0.765625,0.7,0.0546875,0.46875,0.3,0.97,-0.2,0.1796875,0.6
0.0234375,0.015625,0.30859375,18.8,0.7421875,43.1,0.765625,-0.4,0.23828125,0.46875,0,1,-0.9,0.15234375,0.1
0.0234375,0.046875,0.30859375,18.8,0.7421875,25.9,0.765625,0.7,0.0546875,0.46875,0,1,-0.7,0.15234375,0.1
0.0390625,0.05078125,0.30859375,6,0.7421875,4.7,0.765625,0.5,0.0546875,0.3828125,0.5,0.61,-0.3,0.15234375,0.6
0.0390625,0.0625,0.30859375,6,0.7421875,15.4,0.765625,-1.4,0.18359375,0.3828125,0.5,0.61,-0.3,0.15234375,0.6
0.0390625,0.046875,0.30859375,6,0.7421875,5.7,0.765625,2.9,0.04296875,0.3828125,0.5,0.61,-0.4,0.15234375,0.6
0.15234375,0.046875,0.30859375,0,0.7421875,0.2,0.765625,-1.7,0.18359375,0.3828125,0.7,0.78,0.2,0.15234375,0.1
0.15234375,0.0546875,0.30859375,0,0.7421875,0,0.765625,-2.4,0.296875,0.3828125,0.7,0.78,-0.5,0.15234375,0.1
0.15234375,0.109375,0.30859375,0,0.7421875,2.2,0.765625,-6.5,0.296875,0.3828125,0.7,0.78,-0.5,0.15234375,0.1
0.15234375,0.09765625,0.30859375,0,0.7421875,0.3,0.765625,-3.6,0.296875,0.3828125,0.7,0.78,-0.6,0.15234375,0.1
0.15234375,0.03515625,0.30859375,0,0.7421875,0.2,0.765625,0,0.23828125,0.3828125,0.7,0.78,0,0.15234375,0.1
0.09765625,0.03515625,0.33203125,0.2,0.7421875,0.3,0.765625,-1.1,0.18359375,0.3828125,0.6,0.89,-0.1,0.15234375,0.1
0.09765625,0.0703125,0.33203125,0.2,0.7421875,0.3,0.765625,-0.8,0.08984375,0.3828125,0.6,0.89,0.3,0.15234375,0.1
0.09765625,0.08203125,0.33203125,0.2,0.7421875,0.5,0.765625,-5.1,0.296875,0.3828125,0.6,0.89,-0.6,0.15234375,0.1
0.09765625,0.0625,0.33203125,0.2,0.7421875,4.6,0.765625,-5.1,0.296875,0.3828125,0.6,0.89,-0.5,0.15234375,0.1
0.0703125,0.046875,0.30859375,50.3,0.19140625,35,0.765625,0.1,0.23828125,0.46875,0,1,-1,0.0703125,0.1
0.0703125,0.03515625,0.30859375,50.3,0.19140625,55,0.08984375,-1.6,0.18359375,0.46875,0,1,-1.1,0.0703125,0.1
0.0703125,0.02734375,0.30859375,50.3,0.19140625,72.2,0.765625,-2.4,0.296875,0.46875,0,1,-0.7,0.0703125,0.1
0.04296875,0.0546875,0.04296875,96.5,0.19140625,95.3,0.14453125,0.3,0.23828125,0.3828125,0.4,0.6,0.2,0.1796875,0.3
0.04296875,0.109375,0.04296875,96.5,0.19140625,68,0.765625,-8.7,0.296875,0.3828125,0.4,0.6,-0.1,0.1796875,0.3
0.01953125,0.0703125,0.04296875,64.7,0.7421875,68.4,0.14453125,-0.3,0.23828125,0.3828125,0.7,0.53,0.2,0.0703125,0.1
0.02734375,0.05078125,0.0625,27.7,0.06640625,34.7,0.765625,0.4,0.23828125,0.46875,0,1,-1.3,0.0703125,0.1
0.15234375,0.03515625,0.30859375,20.4,0.7421875,47.5,0.765625,0.3,0.23828125,0.03515625,0.6,0.84,0,0.0703125,0.1
0.0546875,0.046875,0.04296875,6.8,0.7421875,6.3,0.765625,-0.7,0.08984375,0.46875,0.3,0.97,-0.3,0.0703125,0.2
0.0546875,0.0390625,0.04296875,6.8,0.7421875,7.9,0.765625,-1.5,0.18359375,0.46875,0.3,0.97,-0.5,0.0703125,0.2
0.0546875,0.046875,0.04296875,6.8,0.7421875,6,0.765625,-2.2,0.296875,0.46875,0.3,0.97,-0.4,0.0703125,0.2
0.0546875,0.0703125,0.04296875,6.8,0.7421875,15.1,0.765625,-4.9,0.296875,0.46875,0.3,0.97,-0.9,0.0703125,0.2
0.0546875,0.03515625,0.04296875,6.8,0.7421875,8.6,0.14453125,0.5,0.23828125,0.46875,0.3,0.97,-0.6,0.0703125,0.2
0.0546875,0.0703125,0.04296875,6.8,0.7421875,7.8,0.765625,-1.1,0.18359375,0.46875,0.3,0.97,-0.7,0.0703125,0.2
0.0625,0.09765625,0.30859375,0,0.7421875,0.1,0.765625,-1.5,0.18359375,0.03515625,-0.1,0.64,-0.5,0.0703125,0.1
0.0390625,0.015625,0.04296875,99.4,0.19140625,98.6,0.14453125,-0.5,0.23828125,0.3828125,-0.1,0.71,-0.1,0.0703125,0.2
0.04296875,0.0546875,0.04296875,82.8,0.19140625,74.3,0.14453125,-0.7,0.08984375,0.3828125,0.8,0.64,-0.2,0.0703125,0.1
0.0625,0.05078125,0.30859375,24.3,0.7421875,14.2,0.765625,1.5,0.09375,0.078125,0,0.41,0.7,0.0703125,0
0.04296875,0.02734375,0.33203125,29.8,0.7421875,33.5,0.765625,-2.1,0.296875,0.3828125,0,0.81,-0.1,0.0703125,0.2
0.04296875,0.0390625,0.33203125,29.8,0.7421875,30.4,0.765625,-0.2,0.23828125,0.3828125,0,0.81,0.3,0.0703125,0.2
0.0546875,0.0703125,0.33203125,57.5,0.7421875,70.8,0.765625,-1.3,0.18359375,0.3828125,0.9,0.31,0.1,0.078125,0.35
0.0234375,0.109375,0.33203125,0,0.7421875,0,0.765625,-3.4,0.296875,0.46875,0.3,0.96,-1,0.078125,0.35
0.0234375,0.08203125,0.33203125,0,0.7421875,0,0.765625,-2.9,0.296875,0.46875,0.3,0.96,-0.8,0.078125,0.35
0.0234375,0.02734375,0.33203125,0,0.7421875,0,0.765625,-2.2,0.296875,0.46875,0.3,0.96,-0.4,0.078125,0.35
0.0703125,0.03515625,0.33203125,45.5,0.19140625,50.6,0.14453125,1.2,0.09375,0.3828125,0.9,0.69,-0.2,0.02734375,0.1
0.04296875,0.03515625,0.33203125,0,0.7421875,2.4,0.765625,-0.8,0.08984375,0.46875,0,1,-0.5,0.078125,0.35
0.04296875,0.05078125,0.33203125,0,0.7421875,0,0.765625,-5.3,0.296875,0.46875,0,1,-1.1,0.078125,0.35
0.04296875,0.02734375,0.33203125,0,0.7421875,1.8,0.765625,-4.3,0.296875,0.46875,0,1,-0.8,0.078125,0.35
0.04296875,0.0703125,0.33203125,0,0.7421875,5.2,0.765625,-5,0.296875,0.46875,0,1,-0.9,0.078125,0.35
0.04296875,0.01171875,0.33203125,0,0.7421875,0,0.765625,-1,0.08984375,0.46875,0,1,-1.1,0.078125,0.35
0.15234375,0.109375,0.30859375,33.4,0.7421875,37.9,0.765625,-0.8,0.08984375,0.46875,0,1,-1,0.02734375,0.35
0.0625,0.0703125,0.30859375,21.2,0.7421875,25.6,0.765625,0.8,0.0546875,0.3828125,0,0.83,-0.6,0.02734375,0.25
0.09765625,0.01171875,0.30859375,111.8,0.7421875,92.1,0.765625,-0.5,0.08984375,0.3828125,0.5,0.62,-0.1,0.02734375,0.55
0.09765625,0.0703125,0.30859375,111.8,0.7421875,99.8,0.765625,-1.2,0.18359375,0.3828125,0.5,0.62,0.4,0.02734375,0.55
0.09765625,0.08203125,0.30859375,111.8,0.7421875,93.3,0.14453125,-0.4,0.23828125,0.3828125,0.5,0.62,-0.4,0.02734375,0.55
0.09765625,0.0625,0.30859375,111.8,0.7421875,128.5,0.765625,-3,0.296875,0.3828125,0.5,0.62,-0.3,0.02734375,0.55
0.04296875,0.08203125,0.30859375,14.4,0.19140625,19.1,0.08984375,-2.6,0.296875,0.03515625,0.2,0.48,-0.1,0.1796875,0.8
0.04296875,0.03515625,0.30859375,14.4,0.19140625,17.1,0.08984375,1.1,0.09375,0.03515625,0.2,0.48,0.8,0.1796875,0.8
0.04296875,0.05078125,0.30859375,14.4,0.19140625,20.5,0.08984375,-3.1,0.296875,0.03515625,0.2,0.48,-0.2,0.1796875,0.8
0.01953125,0.046875,0.30859375,91.7,0.19140625,64.7,0.765625,0,0.23828125,0.3828125,0.5,0.9,-0.7,0.1796875,0
0.15234375,0.0390625,0.1953125,93.3,0.7421875,92.8,0.765625,-0.6,0.08984375,0.46875,0,1,-0.3,0.1796875,0.3
0.15234375,0.03515625,0.1953125,93.3,0.7421875,102.6,0.14453125,0.1,0.23828125,0.46875,0,1,-1.1,0.1796875,0.3
0.15234375,0.09765625,0.1953125,93.3,0.7421875,99.2,0.08984375,0.1,0.23828125,0.46875,0,1,-1,0.1796875,0.3
0.15234375,0.109375,0.1953125,93.3,0.7421875,90.2,0.765625,-0.5,0.08984375,0.46875,0,1,-1.1,0.1796875,0.3
0.15234375,0.0703125,0.1953125,93.3,0.7421875,96.3,0.765625,-1,0.18359375,0.46875,0,1,-1,0.1796875,0.3
0.0234375,0.05078125,0.1953125,63.3,0.19140625,105,0.14453125,-1.6,0.18359375,0.46875,0,1,-1.2,0.04296875,1
0.0234375,0.09765625,0.1953125,63.3,0.19140625,97.8,0.14453125,-0.4,0.23828125,0.46875,0,1,-0.3,0.04296875,1
0.0234375,0.015625,0.1953125,63.3,0.19140625,98.4,0.14453125,0.7,0.0546875,0.46875,0,1,-0.5,0.04296875,1
0.02734375,0.03515625,0.1953125,37.1,0.7421875,41.4,0.08984375,-0.6,0.08984375,0.3828125,0.6,0.85,0.3,0.04296875,0.6
0.0703125,0.03515625,0.1953125,52.4,0.06640625,48,0.14453125,-0.2,0.23828125,0.3828125,0.2,0.91,-0.7,0.1796875,0.6
0.0703125,0.109375,0.1953125,52.4,0.06640625,29.7,0.765625,-2.3,0.296875,0.3828125,0.2,0.91,-0.8,0.1796875,0.6
0.0703125,0.0625,0.1953125,52.4,0.06640625,48.6,0.765625,-3.3,0.296875,0.3828125,0.2,0.91,-0.8,0.1796875,0.6
0.01953125,0.09765625,0.1953125,68.8,0.19140625,83.3,0.14453125,0.4,0.23828125,0.46875,0,1,-1.2,0.1796875,0
0.01953125,0.046875,0.1953125,68.8,0.19140625,71.5,0.765625,-3.7,0.296875,0.46875,0,1,-0.5,0.1796875,0
0.01953125,0.0234375,0.1953125,68.8,0.19140625,50.2,0.14453125,-0.4,0.23828125,0.46875,0,1,-0.8,0.1796875,0
0.01953125,0.03515625,0.1953125,68.8,0.19140625,71.8,0.765625,-2.4,0.296875,0.46875,0,1,-1.1,0.1796875,0
0.15234375,0.109375,0.1953125,11.9,0.7421875,17.4,0.765625,-5.3,0.296875,0.46875,0,1,-1,0.04296875,0.1
0.15234375,0.0546875,0.1953125,11.9,0.7421875,15.2,0.765625,-2.3,0.296875,0.46875,0,1,-1.2,0.04296875,0.1
0.04296875,0.109375,0.1953125,6.7,0.7421875,21.4,0.765625,-3.5,0.296875,0.3828125,0.7,0.78,-0.1,0.1796875,0.5
0.04296875,0.0703125,0.1953125,6.7,0.7421875,25.3,0.765625,1.2,0.09375,0.3828125,0.7,0.78,-0.6,0.1796875,0.5
0.04296875,0.0546875,0.1953125,6.7,0.7421875,30.5,0.14453125,0.5,0.23828125,0.3828125,0.7,0.78,0.1,0.1796875,0.5
0.04296875,0.03515625,0.1953125,6.7,0.7421875,17.7,0.765625,-0.3,0.23828125,0.3828125,0.7,0.78,-0.5,0.1796875,0.5
0.04296875,0.09765625,0.1953125,6.7,0.7421875,38.3,0.765625,-2.2,0.296875,0.3828125,0.7,0.78,-0.5,0.1796875,0.5
0.09765625,0.046875,0.1953125,52.6,0.7421875,74.5,0.765625,0.3,0.23828125,0.46875,0,1,-1.1,0.04296875,0.8
0.09765625,0.08203125,0.1953125,52.6,0.7421875,81.8,0.14453125,-1.5,0.18359375,0.46875,0,1,-1.3,0.04296875,0.8
0.09765625,0.046875,0.1953125,40.3,0.7421875,36.1,0.765625,0.6,0.23828125,0.3828125,0.6,0.87,0.3,0.04296875,0.6
0.09765625,0.03515625,0.1953125,40.3,0.7421875,20.5,0.765625,0.3,0.23828125,0.3828125,0.6,0.87,-0.1,0.04296875,0.6
0.09765625,0.08203125,0.1953125,40.3,0.7421875,46.6,0.08984375,-2.2,0.296875,0.3828125,0.6,0.87,-0.6,0.04296875,0.6
0.09765625,0.0625,0.1953125,40.3,0.7421875,60.9,0.765625,-2.8,0.296875,0.3828125,0.6,0.87,-0.6,0.04296875,0.6
0.09765625,0.05078125,0.1953125,40.3,0.7421875,39.7,0.765625,0.2,0.23828125,0.3828125,0.6,0.87,0,0.04296875,0.6
0.0703125,0.0625,0.1953125,12.8,0.7421875,33.3,0.765625,-3.5,0.296875,0.46875,0,1,-1.2,0.04296875,0.6
0.0703125,0.0234375,0.1953125,12.8,0.7421875,39.6,0.14453125,2.7,0.04296875,0.46875,0,1,-0.5,0.04296875,0.6
0.0703125,0.03515625,0.1953125,12.8,0.7421875,17.4,0.08984375,-1.2,0.18359375,0.46875,0,1,-0.8,0.04296875,0.6
0.15234375,0.109375,0.1953125,76.9,0.7421875,43.2,0.765625,-1.9,0.18359375,0.46875,0,1,-1,0.04296875,0.3
0.09765625,0.08203125,0.30859375,26.8,0.7421875,28.9,0.08984375,-2.1,0.296875,0.46875,0,1,-1.3,0.03125,0.1
0.09765625,0.03515625,0.30859375,26.8,0.7421875,40.7,0.765625,0,0.23828125,0.46875,0,1,-1.2,0.03125,0.1
0.09765625,0.0625,0.30859375,26.8,0.7421875,54.1,0.765625,-2.8,0.296875,0.46875,0,1,-1.2,0.03125,0.1
0.0234375,0.05078125,0.30859375,75.7,0.19140625,90.9,0.14453125,-0.6,0.08984375,0.3828125,0.1,0.72,-0.2,0.03125,0.1
0.0234375,0.09765625,0.30859375,75.7,0.19140625,81.1,0.08984375,0.1,0.23828125,0.3828125,0.1,0.72,0,0.03125,0.1
0.0703125,0.08203125,0.015625,39.9,0.7421875,26.9,0.14453125,-0.3,0.23828125,0.3828125,0.4,0.56,0.6,0.03125,0
0.0703125,0.046875,0.015625,39.9,0.7421875,27.5,0.765625,2.8,0.04296875,0.3828125,0.4,0.56,-0.4,0.03125,0
0.04296875,0.08203125,0.015625,7.7,0.7421875,9,0.08984375,-2,0.18359375,0.46875,0,1,-1,0.03125,0.1
0.0703125,0.0234375,0.015625,41.8,0.7421875,68.1,0.14453125,1.6,0.09375,0.46875,0,0.95,-1,0.0390625,0.1
0.15234375,0.09765625,0.30859375,23.5,0.7421875,34.7,0.765625,-1.1,0.18359375,0.46875,0,1,-0.8,0.04296875,0.6
0.15234375,0.109375,0.30859375,23.5,0.7421875,23.6,0.765625,-0.8,0.08984375,0.46875,0,1,-1,0.04296875,0.6
0.15234375,0.03515625,0.30859375,23.5,0.7421875,38.4,0.765625,-1.6,0.18359375,0.46875,0,1,-0.9,0.04296875,0.6
0.04296875,0.0390625,0.0625,38.7,0.7421875,42.4,0.765625,0,0.23828125,0.46875,0,1,-0.6,0.1796875,0.1
0.04296875,0.05078125,0.0625,38.7,0.7421875,56.6,0.08984375,-1.7,0.18359375,0.46875,0,1,-1.1,0.1796875,0.1
0.15234375,0.109375,0.1953125,35.5,0.7421875,26.6,0.765625,-3.7,0.296875,0.46875,0.3,0.95,-1,0.1796875,0.1
0.15234375,0.09765625,0.1953125,35.5,0.7421875,58.8,0.08984375,-1.1,0.18359375,0.46875,0.3,0.95,-0.8,0.1796875,0.1
0.02734375,0.03515625,0.1953125,57.7,0.7421875,87.8,0.14453125,-1.2,0.18359375,0.3828125,0.7,0.79,0.1,0.04296875,0.35
0.0390625,0.0390625,0.1953125,35.7,0.06640625,35.4,0.765625,2.2,0.04296875,0.3828125,0.4,0.76,-0.4,0.04296875,0.25
0.15234375,0.0390625,0.1953125,1.4,0.7421875,2,0.765625,-1.4,0.18359375,0.46875,0,1,-0.6,0.1796875,0.1
0.15234375,0.03515625,0.1953125,1.4,0.7421875,2.3,0.765625,-3.1,0.296875,0.46875,0,1,-0.9,0.1796875,0.1
0.15234375,0.109375,0.1953125,1.4,0.7421875,2,0.765625,-4.9,0.296875,0.46875,0,1,-1,0.1796875,0.1
0.15234375,0.09765625,0.1953125,1.4,0.7421875,2,0.765625,-3.3,0.296875,0.46875,0,1,-0.8,0.1796875,0.1
0.02734375,0.03515625,0.1953125,46.6,0.06640625,81,0.08984375,-1.3,0.18359375,0.3828125,0.6,0.9,0.3,0.0390625,0.35
0.0390625,0.08203125,0.30859375,67.5,0.19140625,32.5,0.08984375,-0.3,0.23828125,0.078125,0.7,0.87,0.1,0.04296875,0.25
0.0625,0.0703125,0.30859375,25.4,0.7421875,36.1,0.765625,-1,0.18359375,0.46875,0,1,-0.5,0.04296875,0
0.0625,0.0703125,0.30859375,25.4,0.7421875,38.2,0.765625,0.8,0.0546875,0.46875,0,1,-1.3,0.04296875,0
0.04296875,0.09765625,0.1953125,65.7,0.06640625,85.6,0.08984375,0.3,0.23828125,0.3828125,0.4,0.14,-0.1,0.04296875,0.15
0.0234375,0.09765625,0.1953125,65.1,0.19140625,64.1,0.14453125,-0.4,0.23828125,0.3828125,0.1,0.8,0,0.04296875,0.5
0.15234375,0.03515625,0.1953125,9.8,0.7421875,17.2,0.08984375,-3.4,0.296875,0.46875,0,1,-0.9,0.04296875,0.1
0.15234375,0.09765625,0.1953125,9.8,0.7421875,20.3,0.765625,-3.2,0.296875,0.46875,0,1,-0.8,0.04296875,0.1
0.0703125,0.0234375,0.1953125,47.8,0.06640625,67.9,0.14453125,1.6,0.09375,0.3828125,0.2,0.92,-0.8,0.04296875,0.35
0.02734375,0.03515625,0.1953125,62.5,0.19140625,76,0.08984375,-0.8,0.08984375,0.3828125,0.7,0.59,0.4,0.04296875,0.25
0.02734375,0.0625,0.1953125,62.5,0.19140625,104.4,0.765625,-3.6,0.296875,0.3828125,0.7,0.59,-0.2,0.04296875,0.25
0.0234375,0.0390625,0.30859375,84.5,0.7421875,84.5,0.765625,0.3,0.23828125,0.078125,0.9,0.25,0.2,0.04296875,0.15
