AAWt,AAMt,Sstruct,SaccW,ShbondsW,SaccM,ShbondsM,yDDG,Result,Positiontype,ProteinPropens,Positionaccept,MOSST,SectorSuperficie,Functionalrelevancefunction,Clinical
0.009600793688,0.00689287751959,0.00393878715405,0.264686496752,0.0467730974543,0.863382144168,0.0482501426371,-0.409633864021,0.0187092389817,0.0295409036554,0.0630205944648,0.0598695647416,-0.0567185350183,0.00246174197128,0.00630205944648,0
0.00215423115649,0.00335102624342,0.0094546811868,0.925266217613,0.00586429592599,0.367655450707,0.023457183704,-0.0796586809865,0.00909564266072,0.011728591852,0.00612759084512,0.027574158803,-0.0245103633805,0.00694141150423,0.00306379542256,0
0.0469129187523,0.0547317385444,0.154421690893,0.0,0.371393940123,0.0,0.383122169811,0.150121340007,0.119237001829,0.234564593762,0.0,0.500404466692,-0.450364020022,0.0195470494801,0.375303350019,1
0.00877074649681,0.0021926866242,0.0288703738853,0.0,0.0694350764331,0.935546292993,0.0716277630573,-0.308730276688,0.0277740305732,0.043853732484,0.0,0.0935546292993,-0.0467773146496,0.003654477707,0.0701659719745,0
0.0143639530865,0.0107729648149,0.0472813455765,0.0,0.113714628602,0.919292997539,0.117305616873,0.245144799344,0.0143639530865,0.0718197654327,0.0,0.15321549959,-0.15321549959,0.00598498045272,0.114911624692,0
0.0324704396356,0.0175881548026,0.106881863801,0.0,0.257057647115,0.0,0.265175257024,0.658067576615,0.0324704396356,0.162352198178,0.0,0.346351356113,-0.450256762947,0.0135293498482,0.259763517085,0
0.000824894441401,0.000962376848301,0.00362037004837,0.78016683169,0.000779066972434,0.625306648557,0.00898218391748,0.00351954961664,0.00279547560697,0.00449109195874,0.00821228243884,0.00997205724716,-0.00351954961664,0.00265799320007,0.00293295801387,1
0.000857672200625,0.000857672200625,0.00376422799163,0.811167307969,0.000810023745035,0.58428442183,0.00933909729569,-0.0170772064836,0.00223947741274,0.00466954864785,0.00853860324178,0.0103683039364,0.0,0.00276361042424,0.00304950115778,1
0.0036497542679,0.00106451166147,0.0120137744652,0.432130905319,0.0288938879542,0.899299451611,0.0298063265212,-0.0155722848764,0.00927645876425,0.0149031632606,0.0194653560955,0.0354269480938,0.0,0.00882023948076,0.0194653560955,1
0.00469675137929,0.00547954327583,0.0154601399568,0.556095363307,0.037182615086,0.826628242754,0.0383568029308,0.0100197362758,0.0119375764224,0.0191784014654,0.0250493406895,0.0455898000549,-0.0150296044137,0.0113504824999,0.0250493406895,0
0.00231974824274,0.00173981118205,0.00763583796567,0.27465819194,0.0183646735883,0.960066472727,0.018944610649,0.0272183793814,0.00231974824274,0.0094723053245,0.0123719906279,0.0225170229428,-0.0197951850047,0.00560605825328,0.0123719906279,1
0.00303235543091,0.00265331100205,0.00998150329341,0.35903088302,0.0240061471614,0.931539588376,0.00290600728796,-0.0226415872175,0.00290600728796,0.0123821180096,0.0161725622982,0.0294340633827,-0.0226415872175,0.00732819229137,0.0161725622982,1
0.00586168364294,0.00317507863993,0.019294708658,0.694023343324,0.0464049955066,0.706528268429,0.0478704164174,0.0875344757346,0.00586168364294,0.0239352082087,0.0312623127624,0.0568974092275,-0.0250098502099,0.0141657354704,0.0312623127624,1
0.00196370972191,0.000490927430479,0.00646387783463,0.232503231075,0.0155460352985,0.971905398366,0.00302738582128,-0.0083784948135,0.0049910955432,0.00801848136448,0.0104731185169,0.0190610757007,-0.016756989627,0.00474563182796,0.0104731185169,0
0.000685847463919,0.00034292373196,0.00301010831387,0.727668918163,0.00723950100803,0.685725535481,0.00140979756472,0.0107297025466,0.000914463285225,0.00373405841467,0.0,0.0077058772835,-0.00292628251272,0.00220995293929,0.00341399626484,1
0.0003668973886,0.000471725213914,0.00414069909991,0.615884439286,0.0025682817202,0.787634348281,0.00193931476831,-0.00134179616402,0.00319724867209,0.000471725213914,0.0134179616402,0.00764823813493,0.00536718465609,0.00304000693411,0.00134179616402,0
0.0475841650507,0.0555148592258,0.168527251221,0.0,0.376707973318,0.0,0.38860401458,-0.71059019809,0.0931856565575,0.0396534708755,0.355295099045,0.126891106802,-0.0507564427207,0.114995065539,0.0,1
0.0493665374047,0.0431957202291,0.174839819975,0.0,0.390818421121,0.0,0.403160055472,-0.684549318679,0.0966761357509,0.0411387811706,0.368603479289,0.131644099746,-0.0526576398984,0.119302465395,0.0,1
0.0362259235909,0.0196223752784,0.128300146051,0.0,0.286788561762,0.0,0.295845042659,0.73417871811,0.0362259235909,0.0301882696591,0.270486896146,0.0966024629092,0.4250508368,0.0875459820115,0.0,1
0.0179844173055,0.0151069105366,0.0611470188385,0.0552481299624,0.136681571521,0.0,0.140997831675,-0.93921820936,0.0546726286086,0.0863252030662,0.0552481299624,0.174952411547,-0.165744389887,0.00719376692218,0.0184160433208,1
0.0307112264554,0.0159698377568,0.104418169948,0.094344887671,0.233405321061,0.125793183561,0.24077601541,-0.849103989039,0.0933621284244,0.147413886986,0.094344887671,0.298758810958,0.0,0.0122844905822,0.0314482958903,1
0.00518895975469,0.003320934243,0.017642463166,0.0159404843664,0.0394360941357,0.956429061985,0.0406814444768,-0.276301729018,0.0157744376543,0.0249070068225,0.0159404843664,0.0504782004936,-0.0371944635216,0.00207558390188,0.0053134947888,0
0.0117054699099,0.0100332599228,0.071068924453,0.256851454023,0.158859948777,0.81336293774,0.163876578739,-0.3638728932,0.0392969346976,0.100332599228,0.0,0.214042878353,-0.149830014847,0.0484940896268,0.0214042878353,1
0.00990001123566,0.0127285858744,0.0601072110737,0.217234532257,0.134357295341,0.144823021505,0.138600157299,-0.905143884403,0.0537429181364,0.0848572391628,0.0,0.181028776881,-0.162925899193,0.041014332262,0.0181028776881,0
0.0136064103519,0.0174939561667,0.0826103485652,0.298563518579,0.184658426205,0.845929969307,0.190489744927,-0.14928175929,0.0223533884353,0.116626374445,0.0,0.248802932149,-0.124401466075,0.0563694143151,0.0248802932149,0
0.0112476463929,0.00964083976534,0.0682892816712,0.246805497993,0.152646629618,0.90495349264,0.157467049501,-0.0822684993309,0.0490076021405,0.0964083976534,0.0,0.205671248327,-0.0617013744982,0.0465973921992,0.0205671248327,0
0.000542975508032,0.00195471182891,0.00923058363654,0.391984878758,0.0206330693052,0.91741141837,0.0212846399148,-0.0472605882191,0.0051039697755,0.0106423199574,0.0194602422079,0.0236302941095,-0.0139001730056,0.00629851589317,0.0139001730056,1
0.0363810481992,0.0282963708216,0.171799394274,0.0,0.384022175436,0.0,0.0747832657429,0.3104516113,0.0282963708216,0.242540321328,0.0,0.517419352167,-0.569161287384,0.0262752014772,0.258709676083,0
0.0295559569409,0.0147779784704,0.139569796665,0.0,0.311979545487,0.0,0.321831531134,-0.546456803885,0.0771738875679,0.197039712939,0.0,0.420351387604,-0.462386526364,0.0213459689017,0.210175693802,1
0.0332268589309,0.0387646687527,0.156904611618,0.0,0.350727955382,0.0,0.361803575025,0.0,0.112602133044,0.221512392873,0.0,0.472559771461,-0.6143277029,0.0239971758945,0.236279885731,1
0.0233487341803,0.0155658227869,0.110257911407,0.0,0.246458860792,0.0,0.254241772186,0.8301772153,0.014268670888,0.155658227869,0.0,0.33207088612,-0.099621265836,0.0168629746858,0.16603544306,1
0.0362510537993,0.0140976320331,0.17118553183,0.0,0.382650012326,0.0,0.394733696926,0.360899380047,0.122850793431,0.241673691996,0.0,0.515570542924,-0.360899380047,0.0261813166328,0.257785271462,0
0.0377661965039,0.0377661965039,0.17834037238,0.0,0.398643185319,0.0,0.411231917487,-0.107423847833,0.127985443708,0.251774643359,0.0,0.537119239167,-0.429695391333,0.0272755863639,0.268559619583,0
0.0160680977069,0.010712065138,0.0758771280605,0.0,0.169607698018,0.0,0.174963730587,0.891243819478,0.00981939304313,0.10712065138,0.0,0.228524056276,-0.251376461904,0.0116047372328,0.114262028138,1
0.0295559569409,0.0147779784704,0.139569796665,0.0,0.311979545487,0.0,0.321831531134,-0.546456803885,0.0771738875679,0.197039712939,0.0,0.420351387604,-0.462386526364,0.0213459689017,0.210175693802,1
0.000972270834827,0.00151242129862,0.00426718866396,0.857326816132,0.000918255788447,0.514396089679,0.0105869490903,-0.00967949631116,0.00124234606672,0.000486135417413,0.00414835556193,0.00926466075497,-0.00553114074924,0.00070219560293,0.00483974815558,0
0.000803125386102,0.000624653078079,0.00352482808345,0.708178118234,0.000758507309096,0.705893672691,0.00165086884921,0.00685333662807,0.000624653078079,0.000401562693051,0.00342666831403,0.00765289256801,0.00685333662807,0.000580035001074,0.00399777969971,1
0.0186747097839,0.0194528226916,0.0124498065226,0.776867927011,0.0381275324755,0.378474118287,0.152510129902,-0.378474118287,0.0365713066602,0.076255064951,0.0995984521809,0.175293275838,-0.159357523489,0.0357931937525,0.0995984521809,0
0.0169672775297,0.00919060866191,0.0113115183531,0.705838745235,0.0346415249564,0.633445027775,0.138566099826,-0.162885864285,0.0162603076326,0.0692830499129,0.090492146825,0.159266178412,-0.07239371746,0.0325206152652,0.090492146825,0
0.0185580874255,0.00927904371275,0.0123720582837,0.772016436901,0.0378894284937,0.475087038093,0.151557713975,0.277134105554,0.0185580874255,0.0757788569874,0.0989764662693,0.174198580634,-0.138567052777,0.0355696675655,0.0989764662693,0
0.0179317284093,0.00672439815347,0.0119544856062,0.745959901825,0.0366106121689,0.497306601217,0.146442448676,-0.344289185458,0.0351163014681,0.0732212243378,0.0956358848493,0.168319157335,0.0,0.0343691461177,0.0956358848493,1
0.00587914948279,0.00391943298853,0.00391943298853,0.244572618484,0.0120032635274,0.95320610281,0.0480130541095,-0.15050622676,0.0186173066955,0.0240065270547,0.0313554639082,0.0551856164785,-0.0188132783449,0.011268369842,0.0313554639082,0
0.000558943692709,0.00024453786556,0.000558943692709,0.545529044084,0.00663745635091,0.837968384109,0.00684706023568,0.002682929725,0.00213097282845,0.00342353011784,0.000894309908334,0.00679675530334,0.00626016935834,0.00160696311654,0.00178861981667,1
0.000577433228653,0.000649612382234,0.000577433228653,0.563574831165,0.00685701959025,0.825960490265,0.00707355705099,0.0,0.00220146418424,0.0035367785255,0.000923893165844,0.00702158806042,-0.000923893165844,0.00166012053238,0.00184778633169,0
0.000577433228653,0.000649612382234,0.000577433228653,0.563574831165,0.00685701959025,0.825960490265,0.00707355705099,0.0,0.00220146418424,0.0035367785255,0.000923893165844,0.00702158806042,-0.000923893165844,0.00166012053238,0.00184778633169,1
0.00210910716928,0.00105455358464,0.00187476192825,0.548930292591,0.0222627978979,0.833894105684,0.00269497027185,0.0269965717668,0.00164041668722,0.0114829168105,0.014998095426,0.0254967622242,-0.0209973335964,0.00538994054371,0.0239969526816,1
0.00309166064775,0.0048092498965,0.002748142798,0.804656211254,0.0326341957262,0.567216673507,0.0336647492755,-0.153895996688,0.0130536782905,0.0168323746377,0.021985142384,0.0373747420528,-0.0351762278144,0.00790091054425,0.0351762278144,0
0.00151367997507,0.00134549331118,0.00134549331118,0.393960441512,0.0159777330702,0.917088240898,0.0164822930619,-0.0452085752555,0.00639109322809,0.00824114653096,0.0107639464894,0.018298709032,-0.0172223143831,0.00386829326963,0.0172223143831,0
0.00202219882729,0.00202219882729,0.00179751006871,0.526310948117,0.0213454320659,0.848424752429,0.0220194983416,0.0230081288794,0.00157282131012,0.0110097491708,0.0143800805496,0.0244461369344,-0.0143800805496,0.00516784144753,0.0230081288794,0
0.00108603297676,0.000521295828847,0.00343186420658,0.661698172083,0.00825385062341,0.749553895772,0.00851449853784,0.0,0.00264992046331,0.000868826381412,0.0100088799139,0.00622774750196,0.00444839107283,0.00169421144375,0.00111209776821,1
0.00121098678869,0.000871910487855,0.00382671825225,0.737830030611,0.00920349959402,0.674587456559,0.00949413642331,0.0124005047162,0.000678152601665,0.00096878943095,0.0111604542445,0.00694428264105,0.00372015141485,0.00188913939035,0.00124005047162,0
0.0179416357441,0.015070974025,0.0610015615299,0.0,0.136356431655,0.0,0.140662424234,-0.936983985099,0.054542572662,0.0861198515716,0.0551167050058,0.176373456019,-0.183722350019,0.0279889517608,0.0183722350019,1
0.054811565231,0.0394643269663,0.186359321785,0.0,0.416567895755,0.0,0.429722671411,-0.449016342372,0.0504266400125,0.263095513109,0.16838112839,0.538819610847,0.0,0.0855060417603,0.0561270427965,0
0.0074981726387,0.00538330343291,0.0163421711356,0.762891000779,0.0365295590091,0.620156555472,0.0376831240304,-0.172265709853,0.0146118236036,0.0038452167378,0.0147656322731,0.00836719162144,-0.00492187742438,0.0074981726387,0.00492187742438,1
0.0240821806245,0.0195667717574,0.127936584568,0.192657444996,0.285975894916,0.0770629779984,0.29500671265,0.577972334988,0.0361232709368,0.180616354684,0.0,0.385314889992,-0.50090935699,0.0587003152722,0.0,0
0.0313448365754,0.0352629411473,0.166519444307,0.250758692603,0.372219934332,0.351062169644,0.383974248048,-0.100303477041,0.119502189444,0.235086274315,0.0,0.501517385206,-0.401213908165,0.0764030391524,0.0,0
0.0218581046209,0.0191258415433,0.116121180799,0.174864836967,0.259564992373,0.524594510901,0.267761781606,0.489621543508,0.0327871569313,0.163935784657,0.0,0.349729673934,-0.384702641328,0.0532791300134,0.0,0
0.0278109652671,0.0434546332299,0.147745752982,0.222487722137,0.330255212547,0.533970533129,0.340684324522,-0.17799017771,0.106029305081,0.208582239504,0.0,0.444975444274,-0.355980355419,0.0677892278386,0.0,0
0.0116561276063,0.013113143557,0.0619231779082,0.09324902085,0.138416515324,0.7459921668,0.142787563177,0.5594941251,0.0080135877293,0.0874209570469,0.0,0.1864980417,-0.1864980417,0.0284118110402,0.0,0
0.000952792623964,0.00297747694989,0.0101234216296,0.527465996626,0.00583585482178,0.844555381882,0.00440666588583,-0.0762234099171,0.00905152992766,0.0142918893595,0.0,0.0304893639668,-0.0243914911735,0.00690774652374,0.0259159593718,0
0.00179276383825,0.00403371863607,0.0190481157814,0.992474060857,0.0109806785093,0.0172105328472,0.0439227140372,-0.0631052871065,0.0105324875497,0.0268914575738,0.0,0.0573684428241,-0.0401579099769,0.0129975378273,0.0487631764005,0
0.0011439090166,0.00257379528735,0.0121540333014,0.63326803159,0.00700644272668,0.768706859156,0.0280257709067,-0.0549076327969,0.00672046547253,0.017158635249,0.0,0.0366050885312,-0.0366050885312,0.00829334037036,0.0311143252515,1
0.00129714356626,0.00145928651204,0.0137821503915,0.718098678282,0.00794500434335,0.676590084162,0.00599928899396,0.141129220009,0.00178357240361,0.0194571534939,0.0,0.0415085941203,-0.0539611723564,0.00940429085539,0.0352823050023,1
0.0414606335613,0.0148833043553,0.0903629193002,0.0272151851069,0.201987701965,0.0272151851069,0.208366260975,-0.87088592342,0.0807950807861,0.104183130487,0.136075925534,0.244936665962,-0.217721480855,0.0414606335613,0.0272151851069,0
0.0231997662374,0.0166562424269,0.0505635930816,0.0152285645046,0.113024502182,0.746199660724,0.116593696988,-0.609142580183,0.045209800873,0.0582968484941,0.0761428225229,0.137057080541,-0.106599951532,0.0231997662374,0.0152285645046,0
0.0425682336461,0.0272873292603,0.0927769194851,0.0279422251626,0.207383702378,0.0838266754877,0.213932661401,-0.86620898004,0.0829534809514,0.1069663307,0.139711125813,0.251480026463,-0.195595576138,0.0425682336461,0.0279422251626,1
0.00151771970396,0.00101181313597,0.00666110314514,0.351841154482,0.0160203746529,0.934645520801,0.0165262812209,0.0345365550411,0.00202362627194,0.00826314061043,0.0172682775206,0.0159731567065,-0.00647560407021,0.00328839269191,0.0140304754855,1
0.00201937204145,0.00134624802763,0.00886279951524,0.468135314142,0.0213155937708,0.88170270823,0.0219887177846,0.0287199579228,0.0015706226989,0.0109943588923,0.0229759663382,0.0212527688629,-0.0114879831691,0.0043753060898,0.0186679726498,1
0.000783840750271,0.00100779525035,0.000615874875213,0.60915624021,0.0106378387537,0.792619766674,0.0109737705038,0.0100331616035,0.000783840750271,0.00548688525189,0.00716654400247,0.0133297718446,-0.00859985280297,0.00324734025112,0.00143330880049,0
0.000321237803811,0.000417609144955,0.000353361584193,0.688322666983,0.00610351827242,0.725329261982,0.0011885798741,-0.00246710633327,0.00195955060325,0.000642475607623,0.0057565814443,0.00386513325546,0.00246710633327,0.00125282743486,0.00205592194439,1
0.000317984439879,0.000381581327855,0.000349782883867,0.681351619017,0.0060417043577,0.731822109315,0.00623249502163,-0.0081404016609,0.000731364211721,0.000635968879758,0.00569828116263,0.00382598878062,-0.00081404016609,0.00124013931553,0.00203510041522,1
0.00787897263728,0.00656581053106,0.0518699031954,0.0,0.12475040009,0.924466122774,0.128689886409,-0.252127124393,0.030859309496,0.0787897263728,0.0,0.168084749595,-0.100850849757,0.0256066610711,0.0252127124393,1
0.0100119302044,0.0175208778578,0.0659118738459,0.0,0.158522228237,0.790275024138,0.163528193339,-0.427175688723,0.0392133933007,0.100119302044,0.0,0.213587844362,-0.27766419767,0.0325387731644,0.0320381766542,0
0.0124360518189,0.0259084412894,0.0818706744745,0.0,0.196904153799,0.848967804171,0.203122179709,-0.238772194923,0.0238357659863,0.124360518189,0.0,0.265302438804,-0.212241951043,0.0404171684115,0.0397953658205,1
0.00845041732506,0.00633781299379,0.0556319140566,0.0,0.133798274313,0.883350291046,0.138023482976,0.288440911362,0.0169008346501,0.0845041732506,0.0,0.180275569601,-0.234358240482,0.0274638563064,0.0270413354402,0
0.00914158492839,0.0137123773926,0.0601821007786,0.0,0.144741761366,0.799583961737,0.14931255383,-0.487551196181,0.0578967045465,0.0914158492839,0.0,0.195020478472,-0.156016382778,0.0297101510173,0.0292530717709,0
0.00189868347577,0.0029666929309,0.0100867559651,0.595427138003,0.0225468662748,0.795928113045,0.0232588725782,0.100250487521,0.00130534488959,0.0116294362891,-0.00303789356124,0.0182273613674,-0.0151894678062,0.0046280409722,0.00455684034186,0
0.000660723146766,0.000840920368611,0.00510558795228,0.688881965967,0.00102111759046,0.724248674041,0.0117728851606,-0.0215275614365,0.00282308980891,0.0012013148123,0.012301463678,0.00430551228729,0.00922609775848,0.00234256388399,0.00230652443962,1
0.00080003214415,0.00203644545784,0.00618206656843,0.834128059529,0.00123641331369,0.549258432056,0.0142551182048,-0.0446854317605,0.00552749481413,0.00145460389845,0.0148951439202,0.00521330037206,-0.00186189299002,0.00283647760199,0.00279283948503,0
0.000863248637711,0.00102020293548,0.00619969476174,0.930173950278,0.0149106582877,0.363631717063,0.015381521181,-0.0281262101596,0.00368842599749,0.00941725786594,0.0,0.020090150114,-0.0261171951482,0.0045516746352,0.0070315525399,0
0.000880494016332,0.00168094312209,0.00632354793547,0.948756316071,0.0152085330094,0.313519905743,0.0156888024728,-0.00409829942147,0.00488273954511,0.00960538926908,0.0,0.0204914971074,-0.0204914971074,0.00464260481339,0.00717202398758,1
0.000898871237946,0.000735440103774,0.0064555297998,0.968558273557,0.0155259577463,0.242662548019,0.0160162511489,0.0376545333132,0.00196117361006,0.00980586805032,0.0,0.020919185174,-0.020919185174,0.00473950289099,0.00732171481091,1
0.000898489974672,0.00114353269504,0.00645279163628,0.968147451981,0.0155193722898,0.246741683226,0.0160094577305,0.00209103121378,0.00498253531409,0.0098017088146,0.0,0.0209103121378,-0.0250923745654,0.00473749259372,0.00731860924823,0
0.000564000024005,0.000634500027006,0.00278475011852,0.704774429997,0.00669750028506,0.709286430189,0.00690900029406,-0.00902400038408,0.00165675007051,0.00345450014703,-0.000902400038408,0.00189504008066,0.0,0.00204450008702,0.0,1
0.000359985080165,0.00093596120843,0.00568776426661,0.764896298336,0.0136794330463,0.643250140046,0.0141114151425,0.0184312361045,0.00100795822446,0.00143994032066,0.016588112494,0.00479212138716,0.00921561805224,0.00417582692992,0.0,1
0.0132687284073,0.00952626654882,0.00374246185847,0.0174194588321,0.0646425230099,0.810004835694,0.0666838658418,-0.566132412044,0.025857009204,0.00306201424784,0.0435486470803,0.0792585376862,-0.0696778353285,0.0197329807083,0.00870972941607,1
0.00442026645941,0.00181344265001,0.00124674182188,0.00580301648004,0.0215346314689,0.989414309847,0.0222146724627,-0.136370887281,0.00861385258757,0.00102006149063,0.0145075412001,0.0264037249842,-0.0203105576802,0.0065737296063,0.00290150824002,0
0.0154873023272,0.00992775790203,0.00436821347689,0.0203320481834,0.0754509600554,0.914942168251,0.0778336219519,-0.3659768673,0.0301803840222,0.00357399284473,0.0508301204584,0.0925108192343,-0.0609961445501,0.0230323983327,0.0101660240917,0
0.000721857026546,0.000586508834068,0.00356416906857,0.645628924543,0.00857205219023,0.763435991275,0.00884274857519,-0.0103947411823,0.00103766947566,0.00442137428759,-0.00115497124247,0.00230994248495,0.00461988496989,0.00261673172123,0.0,1
0.000354320292462,0.000383846983501,0.000324793601424,0.736230325031,0.00561007129732,0.676515545075,0.00578723144355,-0.0136058992306,0.00138775447881,0.000265740219347,0.00226764987176,0.00582030133752,0.0,0.000383846983501,0.0,0
0.000347551671073,0.00194628935801,0.00549131640295,0.903967994394,0.0132069635008,0.425292028858,0.0136240255061,-0.0320303620061,0.00326698570808,0.00681201275303,0.0177946455589,0.0112106267021,-0.00533839366768,0.000903634344789,0.00444866138973,0
0.000241977077049,0.000145186246229,0.00382323781737,0.62937269832,0.00919512892784,0.776804491824,0.0094855014203,0.00371676790347,0.00295212033999,0.00474275071015,0.0123892263449,0.00780521259728,-0.00247784526898,0.000629140400326,0.00309730658622,0
0.000766882467484,0.000830789339774,0.00543208414468,0.605325894334,0.0121423057352,0.795103742287,0.0125257469689,0.0278122708207,0.00153376493497,0.000575161850613,0.00327203186126,0.0145605417826,-0.00654406372253,0.00370659859284,0.0,1
0.000592602766505,0.00103705484138,0.00419760292941,0.467761117028,0.00938287713633,0.883689245412,0.00182719186339,-0.00505687694084,0.0030123973964,0.000444452074879,0.00252843847042,0.0112515511934,-0.00252843847042,0.00286424670477,0.0,0
0.00139640559348,0.00217218647875,0.00659413752478,0.804329621847,0.0147398368201,0.589841722688,0.0152053053513,-0.0655379691875,0.00589593472804,0.00155156177054,0.00595799719886,0.00873839589167,-0.00595799719886,0.00449952913456,0.0119159943977,0
0.000839043827976,0.000745816735979,0.00396215140989,0.483289244914,0.00885657373975,0.874693867956,0.00913625501574,-0.0322192829943,0.0035426294959,0.000932270919973,0.0035799203327,0.00525054982129,-0.0035799203327,0.00270358566792,0.00715984066539,0
0.00135365984011,0.00159977981104,0.0104600987645,0.633217461205,0.0233813972382,0.762381221948,0.024119757151,-0.126013425115,0.00935255889528,0.0120598785755,0.00630067125577,0.0185869802045,-0.00315033562788,0.00713747915693,0.00315033562788,1
0.00160769563046,0.00263077466802,0.012423102599,0.752050785097,0.0277692881624,0.647287491651,0.0286462130518,-0.112246385835,0.011107715265,0.0143231065259,0.00748309238903,0.0220751225476,-0.0112246385835,0.00847694059695,0.00374154619451,1
0.000341750122559,0.000956900343165,0.00290487604175,0.647411432176,0.00167457560054,0.762020753277,0.00669830240216,0.0017497606275,0.00208467574761,0.000683500245118,0.00787392282376,0.00664909038451,-0.00262464094125,0.00198215071084,0.000874880313751,1
0.000351967089952,0.000316770380957,0.00299172026459,0.666766455205,0.00172463874076,0.745156565479,0.00130227823282,0.00450517875138,0.00214699924871,0.000703934179903,0.00810932175249,0.0068478717021,0.00270310725083,0.00204140912172,0.000901035750276,1
0.000321796030058,0.00038615523607,0.0027352662555,0.609610399342,0.00157680054729,0.792493519145,0.00630720218914,0.0131807653912,0.00077231047214,0.000643592060117,0.00741418053254,0.00626086356081,-0.00247139351085,0.00186641697434,0.000823797836949,1
0.0068037978797,0.00453586525314,0.0240967841573,0.355611835846,0.0138910873377,0.921687819437,0.0555643493509,-0.10160338167,0.0133241041811,0.0277821746755,0.0508016908351,0.0529789061566,0.01451476881,0.0164425115426,0.0544303830376,1
0.0149315599389,0.00808792830021,0.0528826081168,0.780422866137,0.0304852682085,0.493736915311,0.121941072834,-0.286685950826,0.0292409715469,0.060970536417,0.111488980877,0.116267080057,0.0,0.0360846031856,0.119452479511,0
0.0153381386386,0.0076690693193,0.054322574345,0.80167337951,0.0313153663871,0.343574305504,0.125261465548,0.409017030362,0.00702998020935,0.0626307327742,0.114524768501,0.119432972866,-0.065442724858,0.0370671683766,0.122705109109,1
0.0172863603023,0.0180066253149,0.0612225260706,0.903500431799,0.0352929856172,0.276581764836,0.141171942469,-0.0921939216121,0.0165660952897,0.0705859712343,0.129071490257,0.134603125554,-0.110632705935,0.0417753707305,0.138290882418,0
0.0149337028745,0.00560013857795,0.0528901976806,0.780534870242,0.0304896433688,0.477878491985,0.0143114652548,0.334514944389,0.00684461381749,0.0609792867376,0.111504981463,0.116283766383,-0.0318585661323,0.0360897819468,0.119469622996,0
0.0174014699876,0.0101508574928,0.061630206206,0.909516831351,0.0355280012247,0.278423519801,0.142112004899,-0.0556847039603,0.0442287362184,0.0710560024493,0.129930975907,0.135499446303,-0.0556847039603,0.04205355247,0.139211759901,1
0.00080557877646,0.0015379231187,0.00622492690901,0.851159888321,0.0139145425025,0.521194821483,0.0143539491078,-0.0562440454838,0.005565817001,0.00717697455392,0.00187480151613,0.0106863686419,-0.0074992060645,0.00424759718497,0.00187480151613,1
0.000733642706296,0.000867032289259,0.00566905727593,0.775153544514,0.0126720103815,0.628318291589,0.0130721791304,-0.0614659198293,0.00506880415259,0.00653608956518,0.00170738666193,0.00973210397298,-0.00512215998578,0.00386829790593,0.00170738666193,0
0.000698152684051,0.000888557961519,0.00539481619494,0.737655432283,0.0120590009063,0.674288555941,0.00234833175544,-0.0292462506191,0.00298301601367,0.00621990573063,0.00162479170106,0.00926131269606,-0.00324958340213,0.00368116869772,0.00162479170106,0
0.00113733629164,0.00170600443745,0.00104255826733,0.613858307805,0.0180078246176,0.786126844778,0.0185764927634,-0.0606579355539,0.00720312984702,0.0113733629164,0.00727895226647,0.0235352789949,0.0,0.00189556048606,0.00606579355539,0
0.000754596096314,0.00157207520065,0.000691713088288,0.407280666384,0.011947771525,0.912759438102,0.0014463091846,0.0193176600656,0.00150919219263,0.00754596096314,0.00482941501641,0.0156151085531,-0.0112686350383,0.00125766016052,0.00402451251368,0
0.000984468493781,0.000738351370336,0.000902429452632,0.53135046171,0.0155874178182,0.84638037972,0.00303544452249,0.0021001994534,0.00500438151005,0.00984468493781,0.0063005983602,0.020371934698,-0.021001994534,0.00164078082297,0.0052504986335,0
0.00156990774538,0.00170073339083,0.00143908209993,0.847331540439,0.0248568726352,0.525814434186,0.0256418265079,-0.0468879113287,0.00614880533607,0.0156990774538,0.0100474095704,0.0324866242777,-0.0234439556643,0.00261651290897,0.00837284130869,1
0.0021298995477,0.00276886941201,0.0168262064268,0.398035627474,0.0404680914063,0.894217026106,0.0417460311349,-0.169028828105,0.0161872365625,0.0255587945724,0.0,0.0545254284211,-0.0545254284211,0.0123534173767,0.051799157,1
0.00486444999081,0.0102153449807,0.0384291549274,0.909068414283,0.0924245498254,0.2117008636,0.0111882349789,-0.286418815459,0.0369698199302,0.0583733998897,0.0,0.124529919765,-0.0373589759294,0.0282138099467,0.118303423776,1
0.00264305109306,0.00317166131167,0.0208801036352,0.493933388271,0.0502179707681,0.852542560577,0.0518038014239,0.0947269511752,0.00634332262334,0.0317166131167,0.0,0.0676621079823,-0.0676621079823,0.0153296963397,0.0642790025832,0
0.00511436149004,0.0143202121721,0.0404034557713,0.955771875258,0.0971728683107,0.078556592487,0.100241485205,0.0,0.0311976050892,0.0613723378804,0.0,0.130927654145,-0.144020419559,0.0296632966422,0.124381271438,1
0.00237816351365,0.00214034716228,0.0187874917578,0.444431197431,0.0451851067593,0.876686197671,0.0466120048675,-0.133938169089,0.0180740427037,0.0285379621638,0.0,0.0608809859494,-0.0547928873544,0.0137933483792,0.0578369366519,0
0.00217659568856,0.0054414892214,0.0171951059396,0.406762202278,0.0413553180827,0.90267776396,0.0426612754958,-0.0724371045153,0.0102299997362,0.0261191482627,0.0,0.0557208496272,-0.0612929345899,0.0126242549937,0.0529348071458,0
0.00870968123049,0.00223325159756,0.0189826385793,0.783246000297,0.0424317803537,0.617449401694,0.0437717313122,0.0114342481795,0.0136228347451,0.00446650319512,0.00571712408976,0.0142928102244,0.0114342481795,0.00446650319512,0.0200099343141,0
0.00748987493236,0.0234058591636,0.0795799211563,0.766963193074,0.0458754839607,0.0,0.183501935843,-0.503319595455,0.0711538118574,0.112348123985,0.119837998918,0.220501918009,-0.119837998918,0.00374493746618,0.143805598701,1
0.000921807872705,0.00184361574541,0.00979420864749,0.094393126165,0.00564607322032,0.979328683962,0.0225842928813,-0.171087541174,0.0087571747907,0.0138271180906,0.0147489259633,0.0271380237724,-0.0235982815413,0.000460903936353,0.0176987111559,1
0.00765410578117,0.0172217380076,0.0813248739249,0.783780431992,0.0468813979097,0.0244931384997,0.187525591639,-0.465369631495,0.0449678714644,0.114811586718,0.122465692499,0.225336874198,-0.146958830998,0.00382705289058,0.146958830998,1
0.00840456442704,0.00945513498041,0.0892984970372,0.860627397328,0.0514779571156,0.053789212333,0.038871110475,0.322735273998,0.0252136932811,0.126068466406,0.134473030833,0.247430376732,-0.134473030833,0.00420228221352,0.161367636999,0
0.00881893722003,0.0031657723354,0.0192207606078,0.0,0.0429640531232,0.978314102275,0.0443208126955,-0.18524290694,0.0171856212493,0.00203513935847,0.0520995675768,0.0272075519568,-0.0115776816837,0.00452253190771,0.0202609429465,1
0.0233324465759,0.0167515001058,0.0508527681783,0.0,0.113670893575,0.75046720474,0.117260500741,-0.612626289584,0.0454683574301,0.0053844107483,0.137840915156,0.0719835890261,-0.0459469717188,0.0119653572184,0.0536048003386,0
0.0779507347393,0.0199873678819,0.169892626996,0.0,0.379759989755,0.460508955998,0.391752410485,-0.20467064711,0.121922944079,0.0179886310937,0.460508955998,0.240488010355,0.307005970665,0.0399747357637,0.179086816222,1
0.0154194714021,0.00988427653982,0.0336065402354,0.0,0.0751205017026,0.94129942344,0.0146287292789,-0.303644975303,0.0300482006811,0.00355833955434,0.091093492591,0.0475710461308,-0.0404859967071,0.00790742123186,0.0354252471187,0
0.0307563114492,0.0395438290061,0.186734748085,0.0,0.417407083954,0.0,0.430588360289,-0.337440674186,0.0505282259523,0.263625526708,0.0,0.562401123643,-0.281200561821,0.0439375877846,0.140600280911,0
0.00941605878545,0.0121063612956,0.0571689283402,0.0,0.127789369231,0.396012529491,0.131824822996,-0.860896803241,0.0511157476924,0.0807090753038,0.0,0.172179360648,-0.154961424583,0.0134515125506,0.043044840162,0
0.00125456649408,0.00150547979289,0.0106638151997,0.388614517205,0.00213276303993,0.918543404304,0.0245895032839,0.0481753533726,0.00301095958579,0.0150547979289,0.00963507067451,0.0311533951809,-0.0224818315739,0.00577100587276,0.019270141349,1
0.0024126173674,0.00386018778785,0.0205072476229,0.747332355727,0.00410144952459,0.654687848819,0.0472873004011,0.0247052018422,0.0147169659412,0.0289514084088,0.0185289013817,0.0599101144674,-0.055586704145,0.0110980398901,0.0370578027633,0
0.00253391758719,0.00101356703488,0.0215382994912,0.784906311809,0.00430765989823,0.609761928182,0.049664784709,0.0454078031625,0.00354748462207,0.0304070110463,0.0194604870697,0.0629222415252,-0.0129736580464,0.0116560209011,0.0389209741393,1
0.000498043514066,0.000332029009377,0.0065575729352,0.399497304083,0.0157713779454,0.915868819467,0.0162694214595,-0.00849994264006,0.00506344239301,0.00996087028132,0.0,0.0212498566002,-0.0191248709401,0.00323728284143,0.00212498566002,1
0.000731094783595,0.00146218956719,0.00962608131733,0.586435495747,0.0231513348138,0.807908475524,0.0238824295974,0.0218353642034,0.00170588782839,0.0146218956719,0.0,0.0311933774334,-0.0218353642034,0.00475211609336,0.00311933774334,0
0.00500878661624,0.00651142260111,0.0395694142683,0.769349624254,0.0951669457085,0.602657205666,0.0981722176782,0.0641124686878,0.00701230126273,0.0490861088391,0.0641124686878,0.0782172117992,-0.0384674812127,0.0195342678033,0.0769349624254,1
0.00234435997789,0.00375097596463,0.0185204438254,0.360093692604,0.04454283958,0.924240477685,0.0459494555667,-0.0840218616077,0.0110184918961,0.0229747277834,0.030007807717,0.0366095254148,-0.0180046846302,0.00914300391378,0.0360093692604,0
0.00438241968127,0.00525890361752,0.034621115482,0.673139663042,0.0832659739441,0.63948267989,0.0858954257528,0.325350837137,0.00482066164939,0.0429477128764,0.0560949719202,0.0684358657427,-0.0448759775362,0.0170914367569,0.0673139663042,0
0.0647274578583,0.0199161408795,0.131114594123,0.0,0.315338897258,0.084975534419,0.325296967698,-0.722292042562,0.0780048851112,0.162648483849,0.297414370467,0.331404584234,0.084975534419,0.0647274578583,0.0424877672095,1
0.0518441734315,0.0186107289241,0.105017684643,0.0,0.252574178256,0.0,0.260550204938,-0.816745132214,0.101029671303,0.130275102469,0.238217330229,0.26544216797,-0.170155235878,0.0518441734315,0.0340310471756,1
0.0215503251311,0.0154720282992,0.0436532227014,0.0,0.104988763459,0.31120879779,0.108304198095,-0.919480538926,0.0419955053837,0.0541520990474,0.0990209811152,0.110337664671,-0.0707292722251,0.0215503251311,0.014145854445,0
0.0380368918025,0.0243826229503,0.077049088523,0.0,0.185307934422,0.0749034177034,0.19115976393,-0.89884101244,0.0741231737689,0.0955798819652,0.174774641308,0.194748886029,-0.149806835407,0.0380368918025,0.0249678059011,0
0.0939100731113,0.0216715553334,0.190228096815,0.0,0.457510612594,0.123287070341,0.471958316149,0.0,0.146884986149,0.235979158075,0.431504746194,0.48081957433,0.0,0.0939100731113,0.0616435351705,0
0.0489900470398,0.0176364169343,0.166566159935,0.100331616338,0.372324357503,0.150497424506,0.384081968792,-0.551823889857,0.0921012884349,0.192040984396,0.300994849013,0.446475692702,-0.0501658081688,0.0764244733821,0.0501658081688,0
0.0524876205724,0.0377910868122,0.178457909946,0.107494646932,0.398905916351,0.161241970399,0.411502945288,-0.429978587729,0.0482886109266,0.205751472644,0.322483940797,0.478351178849,0.161241970399,0.081880688093,0.0537473234662,0
0.0180278490794,0.0151433932267,0.0612946868698,0.0369210349145,0.137011653003,0.0923025872863,0.141338336782,-0.94148639032,0.0548046612012,0.0706691683911,0.110763104744,0.16429860537,-0.110763104744,0.0281234445638,0.0184605174573,0
0.013791288545,0.00882642466878,0.0468903810529,0.0282445589401,0.104813792942,0.649624855622,0.108123702193,-0.720236252972,0.0419255171767,0.0540618510963,0.0847336768203,0.125688287283,-0.0706113973502,0.0215144101301,0.01412227947,1
0.00114695772917,0.000764638486111,0.00503387003357,0.820508071496,0.00312227381829,0.57093006963,0.0124890952732,0.00163122877037,0.0038869123044,0.00764638486111,0.0,0.0163122877037,-0.0163122877037,0.00114695772917,0.00163122877037,1
0.000942940791748,0.000471470395874,0.00413846236378,0.674558888176,0.00256689437754,0.737589241545,0.00120486878946,-0.0214571415722,0.00246212317845,0.00628627194498,0.0,0.0134107134826,-0.0147517848309,0.000942940791748,0.00134107134826,0
0.000798633134535,0.000310579552319,0.00350511209046,0.571324397043,0.00217405686623,0.820071997346,0.00869622746493,-0.0272600109921,0.00337200656804,0.0053242208969,0.0,0.0113583379134,-0.00795083653937,0.000798633134535,0.00113583379134,0
0.000316809605104,0.000403212224677,0.000316809605104,0.711496771316,0.00141124278637,0.702649143072,0.00106563230808,0.00221190706109,0.00175685326467,0.00282248557274,0.00294920941478,0.00442381412217,0.00147460470739,0.0013248401668,0.00221190706109,0
0.000362977701677,0.000923943240633,0.000362977701677,0.815181922022,0.00161690067111,0.574428711891,0.00646760268443,-0.0734930851978,0.00250784593886,0.00323380134222,0.00337899242289,0.00506848863433,-0.000844748105722,0.00151790675247,0.00253424431717,0
0.000207423353175,0.000746724071431,0.000456331376986,0.687118896663,0.00788208742067,0.726413176688,0.0015349328135,-0.00318602270477,0.00253056490874,0.00406549772224,0.00743405297781,0.00562864011177,0.00212401513652,0.000746724071431,0.00106200756826,1
0.000615263867863,0.00114263289746,0.00140631741226,0.623279877112,0.00149421225052,0.780787427285,0.0172273883002,0.00900043143845,0.00536158513423,0.0105473805919,0.0,0.0225010785961,-0.0292514021749,0.00158210708879,0.00225010785961,1
0.00294558290998,0.000679749902303,0.00596669358688,0.394436209976,0.0143502757153,0.918417645778,0.0148034423168,0.00580053249965,0.00460719378227,0.000679749902303,0.0116010649993,0.016241490999,0.0,0.00135949980461,0.00193351083322,0
0.00579824144925,0.00496992124221,0.0045557611387,0.720969908204,0.0786904196684,0.667957414954,0.0811753802895,-0.0742174905504,0.00952568238091,0.0496992124221,0.0318074959502,0.102844236906,-0.0318074959502,0.00745488186332,0.0212049973001,1
0.00513045150393,0.00366460821709,0.0040310690388,0.637934998432,0.0696275561248,0.741130365825,0.071826321055,-0.140720955536,0.0172236586203,0.0439752986051,0.0281441911073,0.0909995512469,-0.0469069851788,0.00659629479077,0.0187627940715,1
0.00577202054172,0.00494744617861,0.00453515899706,0.717709525644,0.0783345644947,0.633273110863,0.080808287584,-0.23220014065,0.0313338257979,0.0494744617861,0.0316636555431,0.102379152923,-0.0422182073908,0.00742116926792,0.0211091036954,0
0.00314899546061,0.00404870844936,0.00247421071905,0.391555092703,0.0427363669655,0.869482632325,0.0440859364486,-0.282149993271,0.0170945467862,0.0269913896624,0.0172744893839,0.0558541823414,-0.0518234681518,0.00404870844936,0.011516326256,0
0.0049362226485,0.00317328598832,0.00387846065239,0.613784027607,0.0669915930867,0.776256270209,0.0130457312853,0.0451311785005,0.0215078272542,0.0423104798443,0.0270787071003,0.087554486291,-0.0541574142006,0.00634657197664,0.0180524714002,0
0.00518473053398,0.00666608211512,0.00407371684813,0.644684208111,0.070364200104,0.739490709304,0.0725862274757,-0.104287151312,0.0174058810784,0.0444405474341,0.0284419503578,0.091962306157,-0.0663645508349,0.00666608211512,0.0189613002386,1
0.0304058556915,0.047509149518,0.150128912477,0.0,0.361069536337,0.0486493691065,0.372471732221,-0.729740536597,0.0893172010939,0.0171032938265,-0.0486493691065,0.311355962281,-0.243246845532,0.034206587653,0.0486493691065,1
0.000278993634791,0.000111597453917,0.000306892998271,0.709938362836,0.00136706881048,0.704224573195,0.00103227644873,-0.00357111852533,0.00170186117223,0.00273413762096,-0.000714223705066,0.00507098830597,-0.000714223705066,0.000502188542624,0.00142844741013,0
0.000386211290275,0.000491541642169,0.000386211290275,0.744222134337,0.00172039574759,0.667822519097,0.00129907434002,-0.00629173301976,0.000807532697849,0.00344079149518,0.00719055202258,0.00575244161807,-0.00179763800565,0.00063198211136,0.000898819002823,0
0.00221484105979,0.00179955836108,0.0109357777327,0.861130204046,0.026301237585,0.503211888784,0.0271318029824,0.053156185435,0.00332226158969,0.00276855132474,0.0,0.0145293573522,0.0248062198696,0.00249169619226,0.0,1
0.000956777628458,0.000608858490837,0.00739328167444,0.663551379271,0.016526159037,0.745938631059,0.0170480377434,-0.0467603320963,0.0066104636148,0.00852401887171,0.0,0.0180361280943,-0.00222668248077,0.00156563611929,0.00445336496155,0
0.00100873253317,0.000917029575612,0.0077947513927,0.699583522643,0.0174235619366,0.713669096925,0.017973779682,-0.00469519142714,0.00559388041124,0.008986889841,0.0,0.0190155252799,0.0070427871407,0.0016506532361,0.00469519142714,0
0.000599441151029,0.000770710051323,0.00363946413125,0.630269553082,0.00813527276397,0.776053641012,0.00839217611441,-0.0142495725045,0.00201240957846,0.0041960880572,0.00986508865694,0.00339797498183,0.00109612096188,0.00085634450147,0.00383642336659,1
0.00599822017945,0.0279916941708,0.0849747858756,0.0,0.189943639016,0.0,0.195941859195,-0.870141807366,0.0759774556064,0.119964403589,0.076777218297,0.24568709855,-0.25592406099,0.0199940672648,0.0895734213465,1
0.00683666164182,0.0239283157464,0.0968527065924,0.0,0.216494285324,0.0,0.223330946966,-0.845922933814,0.0865977141297,0.136733232836,0.0875092690152,0.280029660849,-0.233358050707,0.0227888721394,0.102094147184,1
0.00844813734687,0.00985616023801,0.119681945747,0.0,0.267524349317,0.0,0.275972486664,-0.792998492293,0.107009739727,0.168962746937,0.10813615804,0.346035705728,-0.144181544053,0.0281604578229,0.126158851047,0
0.00103292271331,0.000516461356655,0.00487769059063,0.668415764702,0.00281184516401,0.743337092175,0.00212323002181,0.0176285476405,0.00137723028441,0.00562369032803,0.0132214107304,0.0101364148933,-0.00293809127342,0.000401692166288,0.00146904563671,1
0.0141228837315,0.0115550866894,0.109131374289,0.0,0.243940718999,0.788827251331,0.251644110125,-0.26294241711,0.0295296659841,0.154067822526,0.0,0.328678021388,-0.164339010694,0.0256779704209,0.115037307486,1
0.00759727942262,0.008978602954,0.0587062500838,0.0,0.131225735482,0.0,0.135369706076,-0.937089883691,0.0524902941926,0.0828794118831,0.0,0.176809412017,-0.194490353219,0.0138132353138,0.061883294206,1
0.00858408503746,0.00546259956929,0.0663315661985,0.0,0.148270559738,0.359595125933,0.15295278794,-0.859032800839,0.0593082238952,0.093644564045,0.0,0.199775069963,-0.15982005597,0.0156074273408,0.0699212744869,1
0.00576564282301,0.00943468825583,0.0445526945414,0.0,0.0995883760337,0.697747611453,0.102733272119,-0.670911164859,0.0398353504135,0.0628979217055,0.0,0.134182232972,-0.120764009675,0.0104829869509,0.0469637815401,1
0.0195805582061,0.00534015223803,0.151304313411,0.0,0.338209641742,0.0,0.348889946218,-0.455692990979,0.0409411671583,0.213606089521,0.0,0.455692990979,-0.501262290077,0.0356010149202,0.159492546843,1
0.00301317813842,0.00216330738143,0.00610361725475,0.660612265506,0.0146795858026,0.749616912056,0.01514315167,-0.0158230482756,0.00177700249189,0.00927131734898,0.0,0.0197788103445,-0.0197788103445,0.000540826845357,0.00692258362057,1
0.0018776790034,0.00211238887883,0.00927104007931,0.636908717955,0.0222974381654,0.769097319795,0.0230015677917,0.0240342912436,0.00164296912798,0.0115007838959,0.0,0.0249355771652,-0.0180257184327,0.00082148456399,0.00751071601362,0
0.000674145092866,8.08974111439e-05,0.00213029849346,0.771782874956,0.00512350270578,0.635788933662,0.00528529752807,-0.00345162287547,0.000620213485437,0.00264264876403,0.00345162287547,0.00428001236559,-0.000690324575095,0.000188760626002,0.00379678516302,0
0.000651574080713,0.000469133338114,0.00205897409505,0.745942857971,0.00495196301342,0.665877434933,0.00510834079279,-0.00800654230381,0.00122495927174,0.0025541703964,0.00333605929325,0.00413671352363,0.0026688474346,0.0001824407426,0.00366966522258,1
0.000670606652051,0.000563309587723,0.00211911702048,0.767731954681,0.00509661055559,0.640692230516,0.000992497845035,-0.0027468048468,0.001636280231,0.00262877807604,0.0034335060585,0.00425754751254,-0.0027468048468,0.000187769862574,0.00377685666435,1
0.000573229994843,0.0003668671967,0.0018114067837,0.656252041456,0.00435654796081,0.754278956415,0.00449412315957,-0.0176096254416,0.00174261918432,0.00224706157979,0.0029349375736,0.00363932259126,-0.00176096254416,0.000160504398556,0.00322843133096,0
0.0017839948098,0.00340580827326,0.0128123263613,0.597865315169,0.00794688597095,0.793001911093,0.00373017096595,-0.107947904128,0.0123257823223,0.00145963211711,0.00830368493291,0.019928843839,-0.00415184246645,0.00746034193191,0.0332147397316,0
0.0019164234711,0.00156798283999,0.0137634049288,0.642245771261,0.00853679546218,0.762666853372,0.00400706725776,0.0490604408602,0.00418128757331,0.00156798283999,0.0089200801564,0.0214081923754,0.0356803206256,0.00801413451551,0.0356803206256,0
0.00170056756866,0.00200976167205,0.012213167084,0.569906571372,0.0075752555331,0.8113253273,0.00355573218901,-0.122688220226,0.0117493759289,0.00139137346526,0.00791536904683,0.0189968857124,-0.00791536904683,0.00711146437801,0.0316614761873,0
0.000174015563718,0.000417637352923,0.00274944590674,0.817010032278,0.00170535252444,0.576450916995,0.00682141009774,0.0,0.00212298987736,0.00341070504887,0.00445479843118,0.00801863717612,-0.00623671780365,0.00160094318621,0.0,0
0.00115758817865,0.000296817481706,0.00148408740853,0.708942618705,0.00563953215241,0.705143354939,0.00581762264144,-0.004559116519,0.000682680207924,0.00356180978047,0.0,0.00759852753167,-0.0022795582595,0.00136536041585,0.0022795582595,0
0.00109844834826,0.000253488080369,0.00140826711316,0.672723566888,0.00535141503001,0.739779613748,0.00104211766374,0.000721032761938,0.00171808587805,0.00337984107158,0.0,0.00721032761938,-0.00793136038131,0.00129560574411,0.00216309828581,1
0.00111858615959,0.000717042409991,0.00143408481998,0.685056582166,0.00544952231593,0.728377416408,0.000659679017192,0.000734251427831,0.00174958348038,0.00344180356796,0.0,0.00734251427831,-0.00734251427831,0.00131935803438,0.00220275428349,1
0.00117378829137,0.000842719798934,0.00150485678381,0.7188640662,0.00571845577848,0.694978979327,0.00589903859254,-0.00385243336656,0.000692234120553,0.00361165628115,0.0,0.00770486673311,-0.00847535340643,0.00138446824111,0.00231146001993,0
0.0011360348362,0.000524323770554,0.00145645491821,0.695742688607,0.00553452868918,0.718113836151,0.00570930327937,-0.00745704918122,0.00136906762311,0.0034954918037,0.0,0.00745704918122,-0.00745704918122,0.00133993852475,0.00223711475436,1
0.000191122897276,0.000414099610764,0.00159269081063,0.516184720963,0.00156083699442,0.856230579796,0.00117859119987,-0.0130473231207,0.00149712936199,0.00382245794552,0.0,0.00815457695044,-0.00978549234053,0.000350391978339,0.00815457695044,1
0.000201164590712,0.000838185794634,0.00167637158927,0.543305326596,0.00164284415748,0.839419604124,0.00124051497606,-0.00343320901482,0.00204517333891,0.00402329181424,0.0,0.00858302253706,-0.00257490676112,0.000368801749639,0.00858302253706,1
0.00020029482811,0.000133529885407,0.00166912356759,0.54095627176,0.00163574109623,0.840917806338,0.00123515144001,0.00598213886623,0.000467354598924,0.00400589656221,0.0,0.00854591266604,-0.00427295633302,0.000367207184869,0.00854591266604,1
0.000491662234283,0.000632137158364,0.00351187310202,0.667087319476,0.0133451177877,0.74440471769,0.00161546162693,-0.0107884741694,0.00161546162693,0.00688327127997,0.0107884741694,0.01528367174,0.00539423708471,0.000772612082445,0.0107884741694,1
0.000989255474689,0.000494627737344,0.00274793187413,0.737237146648,0.000934296837206,0.675331737387,0.00203346958686,-0.00281388223911,0.00335247688644,0.0053859464733,0.00281388223911,0.012803164188,-0.0098485878369,0.0025280973242,0.00844164671734,0
0.0011660719211,0.00181388965505,0.00323908866973,0.869008621025,0.00110129014771,0.492548779474,0.0126972275854,-0.0381435081748,0.00492341477799,0.00634861379268,0.00331682679781,0.01509156193,-0.0132673071912,0.00297996157615,0.00995048039342,0
0.000982514405346,0.000873346138085,0.00272920668152,0.732213402171,0.000927930271716,0.679113956975,0.0106984901915,-0.0461126760909,0.00414839415591,0.00534924509577,0.00279470764187,0.0127159197705,-0.0111788305675,0.002510870147,0.00838412292562,0
0.00018075702681,0.00090378513405,0.0018075702681,0.63672747236,0.00177141886274,0.770921489064,0.00133760199839,0.00370190390907,0.00220523572708,0.00433816864344,0.0,0.00925475977267,-0.0111057117272,0.00166296464665,0.0,0
0.000196677919527,0.000472027006865,0.00196677919527,0.692809772209,0.00192744361137,0.719998527805,0.00770977444546,-0.0372586650752,0.00298950437681,0.00472027006865,0.0,0.0100699094798,-0.00503495473989,0.00180943685965,0.0,0
0.000229293010939,0.000275151613127,0.00229293010939,0.807698388613,0.0022470715072,0.589338068435,0.00169676828095,-0.00469592086403,0.00279737473345,0.00550303226253,0.0,0.0117398021601,-0.00939184172805,0.00210949570064,0.0,0
0.000196319723164,0.000353375501696,0.00196319723164,0.691548004029,0.00192393328701,0.721702713508,0.00769573314804,-0.0241237675824,0.0029840597921,0.00471167335594,0.0,0.010051569826,-0.0110567268086,0.00180614145311,0.0,0
0.0069827373142,0.0050132473025,0.00895222732589,0.545441306512,0.0340184638384,0.797536028009,0.0350927311175,-0.242927640715,0.0136073855354,0.0214853455821,0.0,0.0458354039086,-0.0458354039086,0.0019694900117,0.00458354039086,0
0.00779559376621,0.00279841827505,0.00999435098232,0.608935816651,0.0379785337328,0.777800370848,0.0391778558507,-0.117693477168,0.0151914134931,0.0239864423576,0.0,0.0511710770295,-0.0614052924354,0.00219875721611,0.00511710770295,1
0.00188809459321,0.00480605896453,0.00858224815094,0.29440544057,0.0326125429736,0.940339765402,0.0336424127517,-0.153793886865,0.0130450171894,0.0168212063758,0.030758777373,0.0342740662156,-0.00439411105328,0.00789566829887,0.0219705552664,1
0.00163638775024,0.00267772540948,0.00743812613745,0.255157479019,0.0282648793223,0.963505107341,0.0291574544588,0.0456998469885,0.00357030054598,0.0145787272294,0.0266582440766,0.0297049005425,-0.0228499234942,0.00684307604645,0.0190416029119,1
0.00137427107656,0.00174907227926,0.00624668671163,0.214286340956,0.0237374095042,0.975482596889,0.00462254816661,0.0159915179818,0.00762095778819,0.0122435059548,0.0223881251745,0.0249467680516,0.00319830359636,0.0057469517747,0.0159915179818,0
0.00226062954299,0.00184960598972,0.0102755888318,0.352493799285,0.0390472375607,0.93121496229,0.0402803082205,-0.0157833044456,0.0125362183748,0.0201401541103,0.0368277103731,0.0410365915585,-0.0263055074093,0.00945354172523,0.0263055074093,1
0.00110224414405,0.00250510032738,0.00501020065475,0.171869923261,0.0190387624881,0.982480307594,0.0196399865666,-0.0564349001751,0.00761550499522,0.00981999328331,0.0179565591466,0.0200087373348,-0.0128261136762,0.00460938460237,0.0128261136762,0
0.0010705364182,0.000513857480734,0.00214107283639,0.576616607715,0.00813607677829,0.816690822714,0.00839300551866,0.0032886878767,0.0026121088604,0.00513857480734,0.0,0.0109622929223,-0.0120585222146,0.000471036024006,0.00876983433787,1
0.00100381132398,0.000843201512142,0.00200762264796,0.540676870567,0.00762896606224,0.840824486927,0.00148564075949,-0.0154185419363,0.00188716528908,0.0048182943551,0.0,0.0102790279575,-0.0133627363448,0.000441676982551,0.00822322236603,1
0.00180393283981,0.000865887763107,0.00360786567961,0.744432572868,0.0137098895825,0.666849029294,0.0141428334641,0.0110833633678,0.00440159612913,0.00707141673204,0.0110833633678,0.0160708768833,0.00554168168388,0.000793730449515,0.0110833633678,1
0.00215828329941,0.000776981987788,0.00431656659882,0.890663085735,0.0164029530755,0.453066830212,0.0169209410674,0.00663024629579,0.00526621125056,0.00846047053369,0.0132604925916,0.0192277142578,-0.0022100820986,0.000949644651741,0.0132604925916,0
0.0015835317974,0.00133016670982,0.00316706359481,0.653479233898,0.0120348416603,0.755636037212,0.00145684925361,-0.0356738043319,0.0048139366641,0.00620744464582,0.00972921936324,0.0141073680767,-0.00972921936324,0.000696753990857,0.00972921936324,0
0.00133587780934,0.000854961797979,0.00267175561868,0.551279367337,0.010152671351,0.833074775951,0.0104732820252,-0.0383022885495,0.0040610685404,0.00523664101262,0.0082076332606,0.0119010682279,-0.0082076332606,0.000587786236111,0.0082076332606,1
0.00172550219552,0.000897261141673,0.00345100439105,0.712066442032,0.013113816686,0.701464956542,0.0135279372129,0.00353382849643,0.00421022535708,0.00676396860646,0.0106014854893,0.0153721539595,0.0,0.000759220966031,0.0106014854893,0
0.0019582131975,0.00174063395333,0.00543948110416,0.356481833642,0.0206700281958,0.927409770334,0.0213227659283,-0.0974755013865,0.00826801127832,0.01305475465,0.0,0.0278501432533,-0.0334201719039,0.00119668584291,0.016710085952,0
0.00168477157906,0.000561590526353,0.00467992105294,0.306703306125,0.0177837000012,0.948863353326,0.00346314157918,0.0646952286358,0.00102958263165,0.0112318105271,0.0,0.0239611957911,-0.0119805978955,0.00102958263165,0.0143767174746,0
0.00324017805874,0.00162008902937,0.00900049460762,0.589856414605,0.0342018795089,0.801836063603,0.0041402275195,-0.0552990388692,0.00846046493116,0.0216011870583,0.0,0.046082532391,-0.0368660259128,0.00198010881368,0.0276495194346,0
0.0017263908229,0.00123946007798,0.00221332156783,0.871446674257,0.00841062195774,0.489551317658,0.00867622054587,-0.0215311922118,0.00208052227376,0.00531197176278,0.0,0.0113322064273,-0.0113322064273,0.000486930744922,0.00339966192818,1
0.00247128931357,0.0020758830234,0.00780927423087,0.678200868901,0.0187817987831,0.7313434743,0.00227358616848,-0.0531426053989,0.00751271951324,0.0118621887051,0.0,0.0253060025709,-0.0328978033422,0.000790812580341,0.00253060025709,0
0.00200230467205,0.000720829681938,0.00632728276368,0.54949647576,0.0152175155076,0.834496513561,0.0156980686289,0.0,0.0048856233998,0.00961106242585,0.0,0.0205035998418,-0.0246043198102,0.000640737495056,0.00205035998418,0
0.00161489327374,0.0010335316952,0.00510306274503,0.4431783909,0.0122731888805,0.894625035362,0.0126607632662,-0.0463022199448,0.00490927555218,0.00775148771397,0.0,0.0165365071231,-0.0198438085478,0.000516765847598,0.00165365071231,0
0.000198121596025,0.000429263458054,0.00260860101433,0.639906338948,0.0016179930342,0.768394798024,0.00122174984215,-0.00507191285824,0.000759466118096,0.00323598606841,0.000845318809707,0.00608629542989,-0.00169063761941,0.000264162128033,0.000845318809707,1
0.000211254956784,0.000880228986599,0.00278152359765,0.682325343084,0.00172524881373,0.730998485127,0.000809810667671,0.000901354482277,0.0021477587273,0.00345049762747,0.000901354482277,0.0064897522724,0.0,0.000281673275712,0.000901354482277,1
0.00146062406817,0.00170406141286,0.000324583126259,0.828855471216,0.0154176984973,0.558802310168,0.0030023939179,-0.00623199602418,0.00494989267545,0.00795228659335,0.00830932803224,0.0116330592451,0.0124639920484,0.000649166252519,0.0,1
0.00144796517991,0.000965310119943,0.000321770039981,0.821671974095,0.0152840768991,0.566315270366,0.0157667319591,0.0576611911646,0.000884867609947,0.00788336597953,0.00823731302351,0.0115322382329,-0.00823731302351,0.000643540079962,0.0,1
0.00354253131431,0.00676301432731,0.0012881932052,0.634821611524,0.0611891772471,0.741999286197,0.00740711092992,-0.164888730266,0.0151362701611,0.0386457961561,0.0,0.082444365133,-0.082444365133,0.00257638641041,0.0082444365133,0
0.000879584753288,0.000293194917763,0.000195463278509,0.522903362666,0.00928450572915,0.851907153052,0.0018080353262,0.0200154397193,0.00117277967105,0.00586389835526,0.0,0.0118841673333,-0.0125096498245,0.000488658196271,0.00125096498245,0
0.00363024802546,0.0023270820676,0.00735357933362,0.559989028747,0.0176858237138,0.826877416916,0.01824432341,-0.0262122524094,0.00437491428709,0.0111699939245,0.0,0.0238293203722,-0.0190634562978,0.00102391610974,0.0142975922233,1
0.00456498288197,0.00327742360757,0.00924701660707,0.704177872255,0.0222396601942,0.707174373839,0.022941965253,-0.0239720126725,0.00269216939193,0.0140461011753,0.0,0.0299650158406,-0.0299650158406,0.0012875592744,0.0179790095044,0
0.00337870598114,0.000779701380263,0.00684404544897,0.521187055962,0.0164603624722,0.851641827615,0.0169801633924,-0.0354850761506,0.0040717738747,0.0103960184035,0.0,0.0221781725941,-0.0199603553347,0.000952968353654,0.0133069035565,0
0.000748185718105,0.000680168834641,0.00108827013543,0.673856867855,0.0129232078582,0.738282459872,0.013331309159,0.0,0.00414902989131,0.00816202601569,0.0,0.0174123221668,-0.0104473933001,0.00312877663935,0.00174123221668,0
0.00062628324937,0.000740152931074,0.00091095745363,0.564064855288,0.0108176197619,0.824963070007,0.00130950133959,-0.0247780427387,0.00267593752004,0.00683218090222,0.0,0.0145753192581,-0.0160328511839,0.00261900267919,0.00145753192581,1
0.00341931088893,0.00245488986898,0.00438373190888,0.796787111759,0.0166581812538,0.597029216135,0.0171842290828,-0.0830454172819,0.0066632725015,0.0105209565813,0.00673341221205,0.0213224720048,-0.0224447073735,0.00403303335617,0.00224447073735,0
0.00221710660149,0.00142122218044,0.00284244436088,0.516642687034,0.0108012885713,0.855734929509,0.001307524406,-0.0160086466405,0.00267189769923,0.00682186646611,0.00436599453831,0.0138256493713,-0.0116426521022,0.00261504881201,0.00145533151277,0
0.000260220712695,0.000334569487751,0.00185871937639,0.549110313052,0.0070631336303,0.835561273587,0.00137545233853,-0.0114199718486,0.00174719621381,0.00364308997773,0.006661650245,0.00751814813364,0.000951664320714,0.000408918262807,0.0033308251225,0
0.000775955540532,0.000775955540532,0.00387977770266,0.709161287603,0.0013191244189,0.703201949052,0.0152087285944,0.0437018160428,0.000853551094585,0.00760436429722,0.00794578473505,0.0150969909966,-0.00794578473505,0.000853551094585,0.00496611545941,1
0.0464091252384,0.0118997757021,0.0594988785107,0.426487961165,0.226095738341,0.60926851595,0.233235603762,-0.426487961165,0.0559289458001,0.142797308426,0.0,0.304634257975,-0.182780554785,0.0547389682299,0.0304634257975,0
0.033879469101,0.00781833902331,0.0434352167961,0.311343633995,0.165053823825,0.511493112991,0.170266049841,-0.689403760988,0.0660215295301,0.104244520311,0.0,0.222388309996,-0.200149478997,0.0399603994525,0.0222388309996,0
0.0263090207239,0.0188885276992,0.0337295137486,0.24177315455,0.128172152245,0.345390220786,0.132219693895,-0.846206040925,0.0512688608979,0.0809508329967,0.0,0.172695110393,-0.172695110393,0.0310311526487,0.0172695110393,0
0.0340242380964,0.0218104090361,0.0436208180722,0.312674023942,0.165759108675,0.44667717706,0.170993606843,-0.737017342149,0.0663036434698,0.104689963373,0.0,0.22333858853,-0.178670870824,0.0401311526265,0.022333858853,1
0.000292553346742,0.00037614001724,0.00208966676244,0.498577772185,0.000710486699231,0.86662659972,0.000961246710724,-0.0139088219708,0.0019642867567,0.00409574685439,0.00641945629422,0.00962918444134,0.00320972814711,0.000417933352489,0.0037446828383,1
0.00052133766115,0.00109480908842,0.00411856752309,0.900871478468,0.00255455453964,0.433752934077,0.00119907662065,-0.00400387323763,0.00318015973302,0.0010426753223,0.00934237088781,0.0116112323891,0.00133462441254,0.000573471427265,0.00333656103136,0
0.00141457886198,0.00159140121973,0.00698448313103,0.574884849509,0.016798123986,0.81706075068,0.0173285910593,-0.0226332617917,0.00415532540707,0.0106093414649,0.0,0.0226332617917,-0.0113166308958,0.000972522967612,0.0,0
0.00136088548516,0.00153099617081,0.00671937208299,0.55306386117,0.0161605151363,0.831773208531,0.0166708471932,0.0174193342101,0.00119077479952,0.0102066411387,0.0,0.0217741677626,-0.0283064180914,0.000935608771049,0.0,1
0.000398193166294,0.000904984468851,0.0018099689377,0.60884459114,0.000615389438819,0.793258706265,0.000832585711343,0.00278011228831,0.002208162104,0.0035475391179,0.00370681638441,0.00129738573454,-0.000926704096103,0.000398193166294,0.00139005614416,1
0.000256516377679,0.00106881824033,0.00213763648065,0.71249989064,0.00209488375104,0.701555191859,0.00158185099568,-0.00437787951238,0.0026079165064,0.00418976750208,0.00109446987809,0.00875575902476,0.0,0.000470280025744,0.00547234939047,1
0.00755891356711,0.00174436466933,0.00969091482963,0.486251342491,0.0368254763526,0.853420723556,0.00445782082163,-0.168699445354,0.014730190541,0.0232581955911,0.0,0.0496174839277,-0.0446557355349,0.00213200126252,0.00496174839277,0
0.00667085989855,0.00427619224266,0.00855238448532,0.429124443936,0.0324990610442,0.888900633867,0.0335253471825,-0.140122267408,0.0129996244177,0.0205257227648,0.0,0.0437882085649,-0.0350305668519,0.00188152458677,0.00437882085649,0
0.000846482350383,0.000282160783461,0.00235133986218,0.575457512509,0.00079945555314,0.817438600405,0.00173999149801,0.0192621761509,0.00112864313384,0.00460862612986,0.00240777201887,0.0110757512868,-0.00963108807547,0.000517294769679,0.00421360103302,0
0.000277860223862,0.000357248859251,0.00198471588473,0.635109083113,0.00194502156703,0.772292645065,0.000912969306975,-0.00812939626385,0.000912969306975,0.00389004313407,0.00711322173087,0.00599542974459,0.00406469813192,0.00043663749464,0.00254043633245,1
0.000224609398746,0.000513392911419,0.00160435284818,0.513392911419,0.00157226579122,0.857571519234,0.00628906316488,-0.0295714316977,0.00243861632924,0.00314453158244,0.00575000060789,0.00484642908379,-0.00164285731654,0.0003529576266,0.00205357164568,1
0.000196112033024,0.000326853388374,0.00258214176815,0.707049249731,0.00621021437911,0.707049249731,0.00640632641213,0.00251023402271,0.00199380566908,0.000653706776748,0.00753070206814,0.00209186168559,0.00167348934847,0.000359538727211,0.00125511701136,1
